0 macc-instructions
0 Name: macc-instructions.ldr
0 Author: legolization
0 !LDRAW_ORG Unofficial_Model
0 !LICENSE Licensed under GPL-3.0-or-later
1 0 820 -24 -1000 1 0 0 0 1 0 0 0 1 3622.dat
1 0 830 -24 -930 0 0 -1 0 1 0 1 0 0 2456.dat
1 0 790 -24 -930 0 0 -1 0 1 0 1 0 0 2456.dat
1 0 860 -24 -930 0 0 -1 0 1 0 1 0 0 3009.dat
1 19 880 -24 -930 0 0 -1 0 1 0 1 0 0 3010.dat
1 19 480 -24 -790 0 0 -1 0 1 0 1 0 0 3010.dat
1 0 460 -24 -790 0 0 -1 0 1 0 1 0 0 3009.dat
1 0 420 -24 -860 1 0 0 0 1 0 0 0 1 3622.dat
1 0 430 -24 -790 0 0 -1 0 1 0 1 0 0 2456.dat
1 0 390 -24 -790 0 0 -1 0 1 0 1 0 0 2456.dat
1 0 420 -24 -540 1 0 0 0 1 0 0 0 1 3622.dat
1 19 460 -24 -510 0 0 -1 0 1 0 1 0 0 3004.dat
1 0 440 -24 -520 0 0 -1 0 1 0 1 0 0 3005.dat
1 19 480 -24 -500 0 0 -1 0 1 0 1 0 0 3005.dat
1 19 440 -24 -470 0 0 -1 0 1 0 1 0 0 3010.dat
1 19 400 -24 -470 0 0 -1 0 1 0 1 0 0 3009.dat
1 19 380 -24 -480 0 0 -1 0 1 0 1 0 0 3622.dat
1 19 420 -24 -450 0 0 -1 0 1 0 1 0 0 3008.dat
1 19 470 -24 -410 0 0 -1 0 1 0 1 0 0 3007.dat
1 19 580 -24 -400 0 0 -1 0 1 0 1 0 0 3005.dat
0 STEP
1 0 860 -24 -510 1 0 0 0 1 0 0 0 1 3002.dat
1 19 900 -24 -500 0 0 1 0 1 0 -1 0 0 3622.dat
1 19 890 -24 -410 0 0 -1 0 1 0 1 0 0 2456.dat
1 19 860 -24 -410 0 0 -1 0 1 0 1 0 0 3008.dat
1 19 830 -24 -410 0 0 -1 0 1 0 1 0 0 3007.dat
1 19 740 -24 -400 0 0 -1 0 1 0 1 0 0 3005.dat
1 19 760 -24 -360 0 0 -1 0 1 0 1 0 0 3622.dat
1 19 720 -24 -400 0 0 -1 0 1 0 1 0 0 3622.dat
1 19 740 -24 -350 0 0 -1 0 1 0 1 0 0 3010.dat
1 19 700 -24 -390 0 0 -1 0 1 0 1 0 0 3010.dat
1 19 670 -24 -390 0 0 -1 0 1 0 1 0 0 3001.dat
1 19 720 -24 -290 0 0 -1 0 1 0 1 0 0 3008.dat
1 19 790 -24 -250 0 0 -1 0 1 0 1 0 0 2456.dat
1 19 760 -24 -250 0 0 -1 0 1 0 1 0 0 3008.dat
1 19 700 -24 -270 0 0 -1 0 1 0 1 0 0 3008.dat
1 19 830 -24 -250 0 0 -1 0 1 0 1 0 0 3007.dat
1 19 880 -24 -270 0 0 -1 0 1 0 1 0 0 3008.dat
1 19 860 -24 -250 0 0 -1 0 1 0 1 0 0 3008.dat
1 19 740 -24 -230 0 0 -1 0 1 0 1 0 0 3008.dat
1 19 670 -24 -270 0 0 -1 0 1 0 1 0 0 3007.dat
0 STEP
1 19 440 -24 -350 0 0 -1 0 1 0 1 0 0 3008.dat
1 19 500 -24 -350 0 0 -1 0 1 0 1 0 0 3004.dat
1 19 520 -24 -300 0 0 -1 0 1 0 1 0 0 3005.dat
1 19 560 -24 -350 0 0 -1 0 1 0 1 0 0 3004.dat
1 19 580 -24 -350 0 0 -1 0 1 0 1 0 0 3010.dat
1 19 600 -24 -370 0 0 -1 0 1 0 1 0 0 3009.dat
1 19 540 -24 -250 0 0 -1 0 1 0 1 0 0 3009.dat
1 19 560 -24 -250 0 0 -1 0 1 0 1 0 0 3008.dat
1 19 500 -24 -250 0 0 -1 0 1 0 1 0 0 3008.dat
1 19 520 -24 -230 0 0 -1 0 1 0 1 0 0 3009.dat
1 19 470 -24 -250 0 0 -1 0 1 0 1 0 0 3007.dat
1 19 590 -24 -230 0 0 -1 0 1 0 1 0 0 3007.dat
1 19 630 -24 -270 0 0 -1 0 1 0 1 0 0 3007.dat
1 19 630 -24 -390 0 0 -1 0 1 0 1 0 0 3001.dat
1 19 600 -24 -120 0 0 -1 0 1 0 1 0 0 3005.dat
1 19 580 -24 -100 0 0 -1 0 1 0 1 0 0 3622.dat
1 19 630 -24 -110 0 0 -1 0 1 0 1 0 0 3007.dat
1 19 670 -24 -110 0 0 -1 0 1 0 1 0 0 3007.dat
1 19 600 -24 -70 0 0 -1 0 1 0 1 0 0 3010.dat
1 19 700 -24 -110 0 0 -1 0 1 0 1 0 0 3008.dat
1 19 720 -24 -130 0 0 -1 0 1 0 1 0 0 3008.dat
1 19 740 -24 -90 0 0 -1 0 1 0 1 0 0 3010.dat
0 STEP
1 19 820 -48 -1000 1 0 0 0 1 0 0 0 1 3622.dat
1 19 830 -48 -980 1 0 0 0 1 0 0 0 1 3010.dat
1 19 830 -48 -950 1 0 0 0 1 0 0 0 1 2456.dat
1 19 780 -48 -980 1 0 0 0 1 0 0 0 1 3005.dat
1 19 780 -48 -900 0 0 -1 0 1 0 1 0 0 3622.dat
1 19 810 -48 -890 0 0 -1 0 1 0 1 0 0 3001.dat
1 19 850 -48 -890 0 0 -1 0 1 0 1 0 0 3001.dat
1 19 880 -48 -910 0 0 -1 0 1 0 1 0 0 3004.dat
1 19 480 -48 -770 0 0 -1 0 1 0 1 0 0 3004.dat
1 19 430 -48 -840 1 0 0 0 1 0 0 0 1 3010.dat
1 19 420 -48 -860 1 0 0 0 1 0 0 0 1 3622.dat
1 19 430 -48 -810 1 0 0 0 1 0 0 0 1 2456.dat
1 19 450 -48 -750 0 0 -1 0 1 0 1 0 0 3001.dat
1 19 410 -48 -750 0 0 -1 0 1 0 1 0 0 3001.dat
1 19 380 -48 -840 1 0 0 0 1 0 0 0 1 3005.dat
1 19 380 -48 -760 0 0 -1 0 1 0 1 0 0 3622.dat
1 19 460 -48 -520 1 0 0 0 1 0 0 0 1 3005.dat
1 19 420 -48 -530 1 0 0 0 1 0 0 0 1 3002.dat
1 19 430 -48 -490 1 0 0 0 1 0 0 0 1 2456.dat
1 19 620 -48 -430 0 0 -1 0 1 0 1 0 0 3004.dat
0 STEP
1 19 840 -48 -490 0 0 -1 0 1 0 1 0 0 3010.dat
1 19 870 -48 -490 0 0 -1 0 1 0 1 0 0 3001.dat
1 19 900 -48 -480 0 0 -1 0 1 0 1 0 0 3622.dat
1 19 870 -48 -430 1 0 0 0 1 0 0 0 1 3001.dat
1 19 820 -48 -430 0 0 -1 0 1 0 1 0 0 3009.dat
1 19 870 -48 -390 1 0 0 0 1 0 0 0 1 3001.dat
1 19 850 -48 -350 1 0 0 0 1 0 0 0 1 3001.dat
1 19 780 -48 -360 0 0 -1 0 1 0 1 0 0 3622.dat
1 19 760 -48 -370 0 0 -1 0 1 0 1 0 0 3010.dat
1 19 850 -48 -320 1 0 0 0 1 0 0 0 1 3010.dat
1 19 740 -48 -390 0 0 -1 0 1 0 1 0 0 3010.dat
1 19 720 -48 -400 0 0 -1 0 1 0 1 0 0 3622.dat
1 19 750 -48 -320 1 0 0 0 1 0 0 0 1 3010.dat
1 19 810 -48 -290 1 0 0 0 1 0 0 0 1 3007.dat
1 19 710 -48 -360 1 0 0 0 1 0 0 0 1 3004.dat
1 19 700 -48 -410 0 0 -1 0 1 0 1 0 0 3010.dat
1 19 670 -48 -410 0 0 -1 0 1 0 1 0 0 2456.dat
1 19 670 -48 -340 1 0 0 0 1 0 0 0 1 3008.dat
1 19 810 -48 -250 1 0 0 0 1 0 0 0 1 3007.dat
1 19 640 -48 -410 0 0 -1 0 1 0 1 0 0 3009.dat
0 STEP
1 19 430 -48 -450 1 0 0 0 1 0 0 0 1 2456.dat
1 19 400 -48 -420 1 0 0 0 1 0 0 0 1 3005.dat
1 19 450 -48 -410 1 0 0 0 1 0 0 0 1 3001.dat
1 19 420 -48 -380 1 0 0 0 1 0 0 0 1 3005.dat
1 19 470 -48 -370 1 0 0 0 1 0 0 0 1 3001.dat
1 19 470 -48 -340 1 0 0 0 1 0 0 0 1 3010.dat
1 19 440 -48 -300 0 0 -1 0 1 0 1 0 0 3622.dat
1 19 490 -48 -310 1 0 0 0 1 0 0 0 1 3001.dat
1 19 490 -48 -280 1 0 0 0 1 0 0 0 1 3010.dat
1 19 540 -48 -310 0 0 -1 0 1 0 1 0 0 3008.dat
1 19 470 -48 -250 1 0 0 0 1 0 0 0 1 3001.dat
1 19 570 -48 -340 1 0 0 0 1 0 0 0 1 3004.dat
1 19 520 -48 -250 0 0 -1 0 1 0 1 0 0 3004.dat
1 19 560 -48 -270 0 0 -1 0 1 0 1 0 0 3010.dat
1 19 590 -48 -360 1 0 0 0 1 0 0 0 1 3010.dat
1 19 590 -48 -390 1 0 0 0 1 0 0 0 1 3001.dat
1 19 590 -48 -420 1 0 0 0 1 0 0 0 1 3004.dat
1 19 630 -48 -320 1 0 0 0 1 0 0 0 1 3008.dat
1 19 540 -48 -210 1 0 0 0 1 0 0 0 1 3002.dat
1 19 470 -48 -210 1 0 0 0 1 0 0 0 1 3001.dat
0 STEP
1 19 810 -48 -210 1 0 0 0 1 0 0 0 1 3007.dat
1 19 790 -48 -180 1 0 0 0 1 0 0 0 1 3008.dat
1 19 760 -48 -80 1 0 0 0 1 0 0 0 1 3005.dat
1 19 520 -48 -180 1 0 0 0 1 0 0 0 1 3005.dat
1 19 500 -48 -160 1 0 0 0 1 0 0 0 1 3005.dat
1 19 470 -48 -180 1 0 0 0 1 0 0 0 1 3010.dat
0 STEP
1 19 650 -48 -290 1 0 0 0 1 0 0 0 1 3007.dat
1 19 650 -48 -250 1 0 0 0 1 0 0 0 1 3007.dat
1 19 650 -48 -210 1 0 0 0 1 0 0 0 1 3007.dat
1 19 670 -48 -180 1 0 0 0 1 0 0 0 1 3010.dat
1 19 620 -48 -180 1 0 0 0 1 0 0 0 1 3005.dat
1 19 660 -48 -160 1 0 0 0 1 0 0 0 1 3622.dat
1 19 660 -48 -140 1 0 0 0 1 0 0 0 1 3005.dat
1 19 590 -48 -160 1 0 0 0 1 0 0 0 1 3010.dat
1 19 610 -48 -140 1 0 0 0 1 0 0 0 1 3010.dat
1 19 570 -48 -180 1 0 0 0 1 0 0 0 1 3010.dat
1 19 670 -48 -120 1 0 0 0 1 0 0 0 1 3008.dat
1 19 650 -48 -100 1 0 0 0 1 0 0 0 1 3009.dat
1 19 710 -48 -140 1 0 0 0 1 0 0 0 1 3010.dat
1 19 730 -48 -160 1 0 0 0 1 0 0 0 1 3010.dat
1 19 580 -48 -90 0 0 -1 0 1 0 1 0 0 3010.dat
1 19 600 -48 -60 0 0 -1 0 1 0 1 0 0 3622.dat
1 19 650 -48 -50 0 0 -1 0 1 0 1 0 0 3001.dat
1 19 620 -48 -50 0 0 -1 0 1 0 1 0 0 3010.dat
1 19 690 -48 -50 0 0 -1 0 1 0 1 0 0 3001.dat
1 19 730 -48 -70 0 0 -1 0 1 0 1 0 0 3001.dat
0 STEP
1 19 810 -72 -970 0 0 -1 0 1 0 1 0 0 3001.dat
1 19 810 -72 -920 1 0 0 0 1 0 0 0 1 3004.dat
1 19 840 -72 -930 0 0 -1 0 1 0 1 0 0 3008.dat
1 19 860 -72 -930 0 0 -1 0 1 0 1 0 0 3009.dat
1 19 780 -72 -910 0 0 -1 0 1 0 1 0 0 3009.dat
1 19 810 -72 -870 0 0 -1 0 1 0 1 0 0 3001.dat
1 19 860 -72 -860 0 0 -1 0 1 0 1 0 0 3005.dat
1 19 840 -72 -840 1 0 0 0 1 0 0 0 1 3005.dat
1 19 460 -72 -790 0 0 -1 0 1 0 1 0 0 3009.dat
1 19 440 -72 -790 0 0 -1 0 1 0 1 0 0 3008.dat
1 19 460 -72 -720 0 0 -1 0 1 0 1 0 0 3005.dat
1 19 410 -72 -830 0 0 -1 0 1 0 1 0 0 3001.dat
1 19 410 -72 -780 1 0 0 0 1 0 0 0 1 3004.dat
1 19 440 -72 -700 1 0 0 0 1 0 0 0 1 3005.dat
1 19 410 -72 -730 0 0 -1 0 1 0 1 0 0 3001.dat
1 19 380 -72 -770 0 0 -1 0 1 0 1 0 0 3009.dat
1 15 680 -72 -480 1 0 0 0 1 0 0 0 1 3005.dat
1 15 640 -72 -470 0 0 -1 0 1 0 1 0 0 3004.dat
1 19 620 -72 -460 1 0 0 0 1 0 0 0 1 3005.dat
1 15 660 -72 -450 0 0 -1 0 1 0 1 0 0 3009.dat
0 STEP
1 19 420 -72 -450 0 0 -1 0 1 0 1 0 0 3008.dat
1 19 400 -72 -470 0 0 -1 0 1 0 1 0 0 3010.dat
1 19 380 -72 -480 0 0 -1 0 1 0 1 0 0 3622.dat
1 19 400 -72 -420 0 0 -1 0 1 0 1 0 0 3005.dat
1 19 450 -72 -450 0 0 -1 0 1 0 1 0 0 3007.dat
1 19 480 -72 -430 0 0 -1 0 1 0 1 0 0 3008.dat
1 19 560 -72 -380 1 0 0 0 1 0 0 0 1 3622.dat
1 19 570 -72 -400 1 0 0 0 1 0 0 0 1 3010.dat
1 19 550 -72 -360 1 0 0 0 1 0 0 0 1 3010.dat
1 19 590 -72 -420 1 0 0 0 1 0 0 0 1 3004.dat
1 19 480 -72 -290 0 0 -1 0 1 0 1 0 0 3009.dat
1 19 500 -72 -290 0 0 -1 0 1 0 1 0 0 3008.dat
1 19 450 -72 -290 0 0 -1 0 1 0 1 0 0 3007.dat
1 19 530 -72 -290 0 0 -1 0 1 0 1 0 0 2456.dat
1 19 600 -72 -310 0 0 -1 0 1 0 1 0 0 3008.dat
1 19 570 -72 -270 0 0 -1 0 1 0 1 0 0 3007.dat
1 19 630 -72 -350 0 0 -1 0 1 0 1 0 0 3007.dat
1 19 620 -72 -440 1 0 0 0 1 0 0 0 1 3622.dat
1 19 660 -72 -310 0 0 -1 0 1 0 1 0 0 3008.dat
1 19 680 -72 -390 0 0 -1 0 1 0 1 0 0 3008.dat
0 STEP
1 19 850 -72 -450 0 0 -1 0 1 0 1 0 0 2456.dat
1 19 820 -72 -430 0 0 -1 0 1 0 1 0 0 3009.dat
1 19 880 -72 -430 0 0 -1 0 1 0 1 0 0 3008.dat
1 19 900 -72 -450 0 0 -1 0 1 0 1 0 0 3009.dat
1 19 850 -72 -380 1 0 0 0 1 0 0 0 1 3004.dat
1 19 830 -72 -350 1 0 0 0 1 0 0 0 1 3001.dat
1 19 780 -72 -370 0 0 -1 0 1 0 1 0 0 3010.dat
1 19 760 -72 -390 0 0 -1 0 1 0 1 0 0 3010.dat
1 19 740 -72 -350 0 0 -1 0 1 0 1 0 0 3008.dat
1 19 720 -72 -410 0 0 -1 0 1 0 1 0 0 3010.dat
1 19 830 -72 -290 0 0 -1 0 1 0 1 0 0 3001.dat
1 19 790 -72 -290 0 0 -1 0 1 0 1 0 0 3001.dat
1 19 760 -72 -290 0 0 -1 0 1 0 1 0 0 3009.dat
1 19 700 -72 -430 0 0 -1 0 1 0 1 0 0 3010.dat
1 19 720 -72 -290 0 0 -1 0 1 0 1 0 0 3008.dat
1 19 700 -72 -310 0 0 -1 0 1 0 1 0 0 3008.dat
1 19 780 -72 -240 0 0 -1 0 1 0 1 0 0 3005.dat
1 19 830 -72 -240 1 0 0 0 1 0 0 0 1 3004.dat
1 19 880 -72 -270 0 0 -1 0 1 0 1 0 0 3008.dat
1 19 860 -72 -250 0 0 -1 0 1 0 1 0 0 3008.dat
0 STEP
1 19 480 -72 -190 0 0 -1 0 1 0 1 0 0 3010.dat
1 19 500 -72 -180 0 0 -1 0 1 0 1 0 0 3622.dat
1 19 530 -72 -190 0 0 -1 0 1 0 1 0 0 3001.dat
1 19 450 -72 -190 0 0 -1 0 1 0 1 0 0 3003.dat
1 19 560 -72 -160 0 0 -1 0 1 0 1 0 0 3622.dat
1 19 580 -72 -110 0 0 -1 0 1 0 1 0 0 3008.dat
1 19 600 -72 -100 0 0 -1 0 1 0 1 0 0 3005.dat
1 19 600 -72 -50 0 0 -1 0 1 0 1 0 0 3010.dat
1 19 670 -72 -20 1 0 0 0 1 0 0 0 1 3009.dat
1 19 830 -72 -190 0 0 -1 0 1 0 1 0 0 3001.dat
0 STEP
1 19 680 -72 -230 0 0 -1 0 1 0 1 0 0 3008.dat
1 19 700 -72 -170 0 0 -1 0 1 0 1 0 0 3009.dat
1 19 720 -72 -170 0 0 -1 0 1 0 1 0 0 3010.dat
1 19 740 -72 -190 0 0 -1 0 1 0 1 0 0 3008.dat
1 19 760 -72 -170 0 0 -1 0 1 0 1 0 0 3010.dat
1 19 760 -72 -220 0 0 -1 0 1 0 1 0 0 3005.dat
1 19 780 -72 -190 0 0 -1 0 1 0 1 0 0 3010.dat
1 19 800 -72 -210 0 0 -1 0 1 0 1 0 0 3010.dat
1 19 720 -72 -120 0 0 -1 0 1 0 1 0 0 3005.dat
1 19 730 -72 -100 1 0 0 0 1 0 0 0 1 3010.dat
1 19 660 -72 -150 0 0 -1 0 1 0 1 0 0 3008.dat
1 19 740 -72 -80 1 0 0 0 1 0 0 0 1 3622.dat
1 19 700 -72 -80 0 0 -1 0 1 0 1 0 0 3005.dat
1 19 680 -72 -90 0 0 -1 0 1 0 1 0 0 3009.dat
1 19 730 -72 -60 1 0 0 0 1 0 0 0 1 3010.dat
1 19 630 -72 -190 0 0 -1 0 1 0 1 0 0 3007.dat
1 19 720 -72 -40 1 0 0 0 1 0 0 0 1 3622.dat
1 19 660 -72 -50 0 0 -1 0 1 0 1 0 0 3004.dat
1 19 630 -72 -70 0 0 -1 0 1 0 1 0 0 3001.dat
1 19 600 -72 -170 0 0 -1 0 1 0 1 0 0 3009.dat
0 STEP
1 19 820 -96 -950 1 0 0 0 1 0 0 0 1 3002.dat
1 19 820 -96 -910 1 0 0 0 1 0 0 0 1 3002.dat
1 19 860 -96 -870 0 0 -1 0 1 0 1 0 0 3010.dat
1 19 840 -96 -850 0 0 -1 0 1 0 1 0 0 3010.dat
1 19 810 -96 -850 0 0 -1 0 1 0 1 0 0 3001.dat
1 19 780 -96 -860 0 0 -1 0 1 0 1 0 0 3622.dat
1 0 800 -96 -800 1 0 0 0 1 0 0 0 1 3005.dat
1 19 460 -96 -730 0 0 -1 0 1 0 1 0 0 3010.dat
1 15 650 -96 -520 1 0 0 0 1 0 0 0 1 3004.dat
1 0 460 -96 -680 1 0 0 0 1 0 0 0 1 3005.dat
1 19 440 -96 -710 0 0 -1 0 1 0 1 0 0 3010.dat
1 19 420 -96 -810 1 0 0 0 1 0 0 0 1 3002.dat
1 19 420 -96 -770 1 0 0 0 1 0 0 0 1 3002.dat
1 19 410 -96 -710 0 0 -1 0 1 0 1 0 0 3001.dat
1 19 380 -96 -720 0 0 -1 0 1 0 1 0 0 3622.dat
1 15 640 -96 -500 1 0 0 0 1 0 0 0 1 3622.dat
1 15 640 -96 -470 1 0 0 0 1 0 0 0 1 3002.dat
1 15 680 -96 -470 0 0 -1 0 1 0 1 0 0 3009.dat
1 15 700 -96 -450 0 0 -1 0 1 0 1 0 0 3009.dat
1 19 640 -96 -430 1 0 0 0 1 0 0 0 1 3002.dat
0 STEP
1 19 440 -96 -500 1 0 0 0 1 0 0 0 1 3622.dat
1 19 430 -96 -480 1 0 0 0 1 0 0 0 1 3010.dat
1 19 430 -96 -450 1 0 0 0 1 0 0 0 1 3001.dat
1 19 480 -96 -460 1 0 0 0 1 0 0 0 1 3005.dat
1 19 440 -96 -420 1 0 0 0 1 0 0 0 1 3622.dat
1 19 450 -96 -400 1 0 0 0 1 0 0 0 1 3010.dat
1 19 470 -96 -370 1 0 0 0 1 0 0 0 1 3001.dat
1 19 540 -96 -380 0 0 -1 0 1 0 1 0 0 3622.dat
1 19 520 -96 -350 0 0 -1 0 1 0 1 0 0 3010.dat
1 19 470 -96 -330 1 0 0 0 1 0 0 0 1 3001.dat
1 19 560 -96 -390 0 0 -1 0 1 0 1 0 0 3010.dat
1 15 580 -96 -410 0 0 -1 0 1 0 1 0 0 3010.dat
1 19 550 -96 -330 1 0 0 0 1 0 0 0 1 3003.dat
1 19 580 -96 -360 1 0 0 0 1 0 0 0 1 3005.dat
1 19 600 -96 -380 1 0 0 0 1 0 0 0 1 3005.dat
1 19 600 -96 -430 0 0 -1 0 1 0 1 0 0 3010.dat
1 19 620 -96 -400 1 0 0 0 1 0 0 0 1 3005.dat
1 19 490 -96 -290 1 0 0 0 1 0 0 0 1 2456.dat
1 19 560 -96 -290 0 0 -1 0 1 0 1 0 0 3004.dat
1 19 470 -96 -260 1 0 0 0 1 0 0 0 1 3010.dat
0 STEP
1 19 860 -96 -480 1 0 0 0 1 0 0 0 1 3622.dat
1 19 870 -96 -450 1 0 0 0 1 0 0 0 1 3001.dat
1 19 860 -96 -420 1 0 0 0 1 0 0 0 1 3622.dat
1 19 810 -96 -390 1 0 0 0 1 0 0 0 1 3001.dat
1 19 810 -96 -360 1 0 0 0 1 0 0 0 1 3009.dat
1 19 760 -96 -420 1 0 0 0 1 0 0 0 1 3005.dat
1 19 740 -96 -410 0 0 -1 0 1 0 1 0 0 3010.dat
1 19 810 -96 -330 1 0 0 0 1 0 0 0 1 2456.dat
1 19 720 -96 -430 0 0 -1 0 1 0 1 0 0 3010.dat
1 19 720 -96 -380 1 0 0 0 1 0 0 0 1 3005.dat
1 19 810 -96 -290 1 0 0 0 1 0 0 0 1 2456.dat
1 19 880 -96 -310 0 0 -1 0 1 0 1 0 0 3010.dat
1 19 870 -96 -260 1 0 0 0 1 0 0 0 1 3010.dat
1 19 860 -96 -240 1 0 0 0 1 0 0 0 1 3622.dat
1 19 900 -96 -240 1 0 0 0 1 0 0 0 1 3005.dat
1 19 810 -96 -210 1 0 0 0 1 0 0 0 1 2456.dat
1 19 880 -96 -210 0 0 -1 0 1 0 1 0 0 3004.dat
1 19 790 -96 -180 1 0 0 0 1 0 0 0 1 3008.dat
1 19 770 -96 -160 1 0 0 0 1 0 0 0 1 3008.dat
1 19 750 -96 -140 1 0 0 0 1 0 0 0 1 3010.dat
0 STEP
1 19 460 -96 -240 1 0 0 0 1 0 0 0 1 3622.dat
1 19 490 -96 -210 1 0 0 0 1 0 0 0 1 2456.dat
1 19 510 -96 -180 1 0 0 0 1 0 0 0 1 3008.dat
1 19 560 -96 -210 0 0 -1 0 1 0 1 0 0 3004.dat
1 19 550 -96 -160 1 0 0 0 1 0 0 0 1 3008.dat
1 19 570 -96 -140 1 0 0 0 1 0 0 0 1 3010.dat
1 19 600 -96 -180 1 0 0 0 1 0 0 0 1 3005.dat
1 19 590 -96 -120 1 0 0 0 1 0 0 0 1 3010.dat
1 19 620 -96 -140 1 0 0 0 1 0 0 0 1 3005.dat
1 19 610 -96 -100 1 0 0 0 1 0 0 0 1 3010.dat
1 19 650 -96 -80 1 0 0 0 1 0 0 0 1 3008.dat
1 19 700 -96 -140 1 0 0 0 1 0 0 0 1 3005.dat
1 19 650 -96 -50 1 0 0 0 1 0 0 0 1 3007.dat
1 19 730 -96 -110 1 0 0 0 1 0 0 0 1 3001.dat
1 19 670 -96 -20 1 0 0 0 1 0 0 0 1 3008.dat
1 19 750 -96 -80 1 0 0 0 1 0 0 0 1 3004.dat
1 19 740 -96 -50 0 0 -1 0 1 0 1 0 0 3004.dat
0 STEP
1 19 810 -120 -900 1 0 0 0 1 0 0 0 1 3004.dat
1 19 840 -120 -850 0 0 -1 0 1 0 1 0 0 3009.dat
1 19 860 -120 -850 0 0 -1 0 1 0 1 0 0 3010.dat
1 19 810 -120 -830 0 0 -1 0 1 0 1 0 0 2456.dat
1 19 780 -120 -850 0 0 -1 0 1 0 1 0 0 3004.dat
1 15 680 -120 -510 0 0 -1 0 1 0 1 0 0 3010.dat
1 15 620 -120 -540 1 0 0 0 1 0 0 0 1 3005.dat
1 15 650 -120 -510 0 0 -1 0 1 0 1 0 0 3001.dat
1 15 700 -120 -490 0 0 -1 0 1 0 1 0 0 3010.dat
1 15 720 -120 -470 0 0 -1 0 1 0 1 0 0 3009.dat
1 19 620 -120 -490 0 0 -1 0 1 0 1 0 0 3010.dat
1 19 660 -120 -460 0 0 -1 0 1 0 1 0 0 3005.dat
1 19 680 -120 -440 0 0 -1 0 1 0 1 0 0 3622.dat
1 19 740 -120 -430 0 0 -1 0 1 0 1 0 0 3010.dat
1 15 600 -120 -470 0 0 -1 0 1 0 1 0 0 3009.dat
1 19 640 -120 -440 0 0 -1 0 1 0 1 0 0 3622.dat
1 19 700 -120 -420 0 0 -1 0 1 0 1 0 0 3622.dat
1 19 760 -120 -410 0 0 -1 0 1 0 1 0 0 3010.dat
1 19 720 -120 -400 0 0 -1 0 1 0 1 0 0 3005.dat
1 19 620 -120 -420 0 0 -1 0 1 0 1 0 0 3622.dat
0 STEP
1 19 410 -120 -760 1 0 0 0 1 0 0 0 1 3004.dat
1 19 440 -120 -710 0 0 -1 0 1 0 1 0 0 3009.dat
1 19 460 -120 -710 0 0 -1 0 1 0 1 0 0 3010.dat
1 19 410 -120 -690 0 0 -1 0 1 0 1 0 0 2456.dat
1 19 380 -120 -710 0 0 -1 0 1 0 1 0 0 3004.dat
1 15 580 -120 -430 0 0 -1 0 1 0 1 0 0 3010.dat
1 19 480 -120 -390 0 0 -1 0 1 0 1 0 0 3010.dat
1 19 460 -120 -380 0 0 -1 0 1 0 1 0 0 3622.dat
1 19 540 -120 -390 0 0 -1 0 1 0 1 0 0 3010.dat
1 15 560 -120 -390 0 0 -1 0 1 0 1 0 0 3009.dat
1 19 510 -120 -370 0 0 -1 0 1 0 1 0 0 2456.dat
1 19 440 -120 -360 0 0 -1 0 1 0 1 0 0 3005.dat
1 19 600 -120 -400 0 0 -1 0 1 0 1 0 0 3005.dat
1 19 580 -120 -380 0 0 -1 0 1 0 1 0 0 3005.dat
1 19 450 -120 -340 1 0 0 0 1 0 0 0 1 3010.dat
1 19 540 -120 -320 0 0 -1 0 1 0 1 0 0 3622.dat
1 19 450 -120 -310 1 0 0 0 1 0 0 0 1 3001.dat
1 19 510 -120 -300 1 0 0 0 1 0 0 0 1 3004.dat
1 19 450 -120 -270 1 0 0 0 1 0 0 0 1 3001.dat
1 19 450 -120 -230 1 0 0 0 1 0 0 0 1 3001.dat
0 STEP
1 19 790 -120 -390 0 0 -1 0 1 0 1 0 0 3001.dat
1 19 820 -120 -390 0 0 -1 0 1 0 1 0 0 3010.dat
1 19 760 -120 -360 0 0 -1 0 1 0 1 0 0 3005.dat
1 19 740 -120 -380 0 0 -1 0 1 0 1 0 0 3005.dat
1 19 790 -120 -320 0 0 -1 0 1 0 1 0 0 3002.dat
1 19 820 -120 -320 0 0 -1 0 1 0 1 0 0 3622.dat
1 19 850 -120 -350 0 0 -1 0 1 0 1 0 0 2456.dat
1 19 850 -120 -420 1 0 0 0 1 0 0 0 1 3004.dat
1 19 880 -120 -380 0 0 -1 0 1 0 1 0 0 3005.dat
1 19 880 -120 -330 0 0 -1 0 1 0 1 0 0 3010.dat
1 19 900 -120 -310 0 0 -1 0 1 0 1 0 0 3004.dat
1 19 870 -120 -280 1 0 0 0 1 0 0 0 1 3010.dat
1 19 880 -120 -250 1 0 0 0 1 0 0 0 1 3002.dat
1 19 840 -120 -210 0 0 -1 0 1 0 1 0 0 3009.dat
1 19 880 -120 -210 0 0 -1 0 1 0 1 0 0 3004.dat
1 19 860 -120 -190 0 0 -1 0 1 0 1 0 0 3010.dat
1 19 780 -120 -200 1 0 0 0 1 0 0 0 1 3622.dat
1 19 820 -120 -170 0 0 -1 0 1 0 1 0 0 3010.dat
1 19 790 -120 -150 0 0 -1 0 1 0 1 0 0 3001.dat
1 19 760 -120 -130 0 0 -1 0 1 0 1 0 0 3009.dat
0 STEP
1 19 470 -120 -190 1 0 0 0 1 0 0 0 1 3001.dat
1 19 490 -120 -160 1 0 0 0 1 0 0 0 1 3010.dat
1 19 520 -120 -190 0 0 -1 0 1 0 1 0 0 3004.dat
1 19 530 -120 -140 1 0 0 0 1 0 0 0 1 3009.dat
1 19 550 -120 -180 0 0 -1 0 1 0 1 0 0 3002.dat
1 19 580 -120 -170 0 0 -1 0 1 0 1 0 0 3004.dat
1 19 570 -120 -120 1 0 0 0 1 0 0 0 1 3009.dat
1 19 600 -120 -140 0 0 -1 0 1 0 1 0 0 3005.dat
1 19 590 -120 -100 1 0 0 0 1 0 0 0 1 3010.dat
1 19 580 -120 -60 0 0 -1 0 1 0 1 0 0 3622.dat
1 19 640 -120 -100 0 0 -1 0 1 0 1 0 0 3005.dat
1 19 610 -120 -50 0 0 -1 0 1 0 1 0 0 3001.dat
1 19 640 -120 -50 0 0 -1 0 1 0 1 0 0 3010.dat
1 19 670 -120 -70 0 0 -1 0 1 0 1 0 0 3001.dat
1 19 700 -120 -100 0 0 -1 0 1 0 1 0 0 3005.dat
1 19 700 -120 -50 0 0 -1 0 1 0 1 0 0 3010.dat
1 19 720 -120 -140 0 0 -1 0 1 0 1 0 0 3005.dat
1 19 680 -120 -20 0 0 -1 0 1 0 1 0 0 3005.dat
1 19 720 -120 -70 0 0 -1 0 1 0 1 0 0 3009.dat
1 19 740 -120 -90 0 0 -1 0 1 0 1 0 0 3008.dat
0 STEP
1 19 820 -144 -880 1 0 0 0 1 0 0 0 1 3622.dat
1 19 830 -144 -850 1 0 0 0 1 0 0 0 1 3001.dat
1 19 810 -144 -820 1 0 0 0 1 0 0 0 1 3010.dat
1 19 780 -144 -850 0 0 -1 0 1 0 1 0 0 3004.dat
1 6 820 -144 -790 1 0 0 0 1 0 0 0 1 3002.dat
1 19 860 -144 -810 0 0 -1 0 1 0 1 0 0 3004.dat
1 15 670 -144 -560 1 0 0 0 1 0 0 0 1 3010.dat
1 15 690 -144 -540 1 0 0 0 1 0 0 0 1 3009.dat
1 15 690 -144 -510 1 0 0 0 1 0 0 0 1 2456.dat
1 15 620 -144 -530 0 0 -1 0 1 0 1 0 0 3010.dat
1 19 710 -144 -470 1 0 0 0 1 0 0 0 1 3001.dat
1 19 760 -144 -460 1 0 0 0 1 0 0 0 1 3005.dat
1 19 640 -144 -480 1 0 0 0 1 0 0 0 1 3622.dat
1 15 600 -144 -510 0 0 -1 0 1 0 1 0 0 3010.dat
1 19 750 -144 -430 1 0 0 0 1 0 0 0 1 2456.dat
1 19 620 -144 -450 1 0 0 0 1 0 0 0 1 3002.dat
1 15 580 -144 -470 0 0 -1 0 1 0 1 0 0 3008.dat
1 19 720 -144 -400 1 0 0 0 1 0 0 0 1 3005.dat
1 19 770 -144 -400 1 0 0 0 1 0 0 0 1 3010.dat
1 19 610 -144 -420 1 0 0 0 1 0 0 0 1 3004.dat
0 STEP
1 19 420 -144 -740 1 0 0 0 1 0 0 0 1 3622.dat
1 19 430 -144 -710 1 0 0 0 1 0 0 0 1 3001.dat
1 19 410 -144 -680 1 0 0 0 1 0 0 0 1 3010.dat
1 19 380 -144 -710 0 0 -1 0 1 0 1 0 0 3004.dat
1 6 420 -144 -650 1 0 0 0 1 0 0 0 1 3002.dat
1 19 460 -144 -670 0 0 -1 0 1 0 1 0 0 3004.dat
1 19 500 -144 -430 1 0 0 0 1 0 0 0 1 3002.dat
1 19 460 -144 -420 1 0 0 0 1 0 0 0 1 3005.dat
1 19 440 -144 -400 1 0 0 0 1 0 0 0 1 3005.dat
1 19 490 -144 -400 1 0 0 0 1 0 0 0 1 3010.dat
1 15 560 -144 -430 0 0 -1 0 1 0 1 0 0 3010.dat
1 19 540 -144 -410 0 0 -1 0 1 0 1 0 0 3010.dat
1 19 470 -144 -380 1 0 0 0 1 0 0 0 1 3009.dat
1 19 450 -144 -360 1 0 0 0 1 0 0 0 1 3010.dat
1 19 520 -144 -360 1 0 0 0 1 0 0 0 1 3622.dat
1 19 570 -144 -380 1 0 0 0 1 0 0 0 1 3004.dat
1 19 470 -144 -340 1 0 0 0 1 0 0 0 1 3009.dat
1 19 600 -144 -400 1 0 0 0 1 0 0 0 1 3005.dat
1 19 520 -144 -320 1 0 0 0 1 0 0 0 1 3005.dat
1 19 450 -144 -310 1 0 0 0 1 0 0 0 1 3001.dat
0 STEP
1 19 820 -144 -410 0 0 -1 0 1 0 1 0 0 3009.dat
1 19 850 -144 -410 0 0 -1 0 1 0 1 0 0 3001.dat
1 19 880 -144 -410 0 0 -1 0 1 0 1 0 0 3004.dat
1 19 890 -144 -380 1 0 0 0 1 0 0 0 1 3004.dat
1 19 870 -144 -350 1 0 0 0 1 0 0 0 1 3001.dat
1 19 810 -144 -340 1 0 0 0 1 0 0 0 1 3004.dat
1 19 840 -144 -320 1 0 0 0 1 0 0 0 1 3005.dat
1 19 790 -144 -360 1 0 0 0 1 0 0 0 1 3004.dat
1 19 780 -144 -380 1 0 0 0 1 0 0 0 1 3622.dat
1 19 800 -144 -320 1 0 0 0 1 0 0 0 1 3005.dat
1 19 880 -144 -310 1 0 0 0 1 0 0 0 1 3002.dat
1 19 880 -144 -270 1 0 0 0 1 0 0 0 1 3002.dat
1 19 870 -144 -240 1 0 0 0 1 0 0 0 1 3010.dat
1 19 860 -144 -220 1 0 0 0 1 0 0 0 1 3622.dat
1 19 850 -144 -200 1 0 0 0 1 0 0 0 1 3010.dat
1 19 810 -144 -170 1 0 0 0 1 0 0 0 1 2456.dat
1 19 790 -144 -140 1 0 0 0 1 0 0 0 1 3009.dat
1 19 770 -144 -120 1 0 0 0 1 0 0 0 1 3010.dat
1 19 780 -144 -100 1 0 0 0 1 0 0 0 1 3005.dat
1 19 720 -144 -120 1 0 0 0 1 0 0 0 1 3005.dat
0 STEP
1 19 440 -144 -270 1 0 0 0 1 0 0 0 1 3002.dat
1 19 440 -144 -240 1 0 0 0 1 0 0 0 1 3622.dat
1 19 450 -144 -220 1 0 0 0 1 0 0 0 1 3010.dat
1 19 470 -144 -200 1 0 0 0 1 0 0 0 1 3010.dat
1 19 490 -144 -180 1 0 0 0 1 0 0 0 1 3009.dat
1 19 460 -144 -160 1 0 0 0 1 0 0 0 1 3005.dat
1 19 530 -144 -150 1 0 0 0 1 0 0 0 1 2456.dat
1 19 540 -144 -100 1 0 0 0 1 0 0 0 1 3005.dat
1 19 570 -144 -120 1 0 0 0 1 0 0 0 1 3009.dat
1 19 580 -144 -100 1 0 0 0 1 0 0 0 1 3622.dat
1 19 590 -144 -80 1 0 0 0 1 0 0 0 1 3010.dat
1 19 640 -144 -80 1 0 0 0 1 0 0 0 1 3005.dat
1 19 620 -144 -40 1 0 0 0 1 0 0 0 1 3622.dat
1 19 610 -144 -20 1 0 0 0 1 0 0 0 1 3004.dat
1 19 670 -144 -60 1 0 0 0 1 0 0 0 1 3008.dat
1 19 690 -144 -100 1 0 0 0 1 0 0 0 1 3008.dat
1 19 710 -144 -80 1 0 0 0 1 0 0 0 1 3009.dat
1 19 710 -144 -40 1 0 0 0 1 0 0 0 1 3010.dat
1 19 710 -144 -20 1 0 0 0 1 0 0 0 1 3004.dat
0 STEP
1 19 810 -168 -830 0 0 -1 0 1 0 1 0 0 3001.dat
1 19 780 -168 -830 0 0 -1 0 1 0 1 0 0 3004.dat
1 19 850 -168 -830 0 0 -1 0 1 0 1 0 0 3001.dat
1 19 820 -168 -780 1 0 0 0 1 0 0 0 1 3622.dat
1 15 690 -168 -550 0 0 -1 0 1 0 1 0 0 3001.dat
1 15 720 -168 -530 0 0 -1 0 1 0 1 0 0 3009.dat
1 15 650 -168 -550 0 0 -1 0 1 0 1 0 0 3001.dat
1 19 680 -168 -500 0 0 -1 0 1 0 1 0 0 3005.dat
1 19 700 -168 -480 0 0 -1 0 1 0 1 0 0 3622.dat
1 15 610 -168 -530 0 0 -1 0 1 0 1 0 0 2456.dat
1 19 640 -168 -500 0 0 -1 0 1 0 1 0 0 3005.dat
1 15 750 -168 -470 0 0 -1 0 1 0 1 0 0 3001.dat
1 15 580 -168 -540 0 0 -1 0 1 0 1 0 0 3622.dat
1 19 720 -168 -440 0 0 -1 0 1 0 1 0 0 3622.dat
1 19 830 -168 -460 1 0 0 0 1 0 0 0 1 3010.dat
1 19 780 -168 -430 0 0 -1 0 1 0 1 0 0 3010.dat
1 15 570 -168 -490 1 0 0 0 1 0 0 0 1 3003.dat
1 19 750 -168 -400 1 0 0 0 1 0 0 0 1 3004.dat
1 19 800 -168 -410 0 0 -1 0 1 0 1 0 0 3010.dat
1 19 850 -168 -440 1 0 0 0 1 0 0 0 1 3010.dat
0 STEP
1 19 410 -168 -690 0 0 -1 0 1 0 1 0 0 3001.dat
1 19 380 -168 -690 0 0 -1 0 1 0 1 0 0 3004.dat
1 19 450 -168 -690 0 0 -1 0 1 0 1 0 0 3001.dat
1 19 420 -168 -640 1 0 0 0 1 0 0 0 1 3622.dat
1 19 490 -168 -440 1 0 0 0 1 0 0 0 1 3009.dat
1 19 550 -168 -460 1 0 0 0 1 0 0 0 1 3008.dat
1 19 460 -168 -400 0 0 -1 0 1 0 1 0 0 3622.dat
1 19 510 -168 -400 0 0 -1 0 1 0 1 0 0 3002.dat
1 19 440 -168 -390 0 0 -1 0 1 0 1 0 0 3010.dat
1 19 480 -168 -390 0 0 -1 0 1 0 1 0 0 3010.dat
1 19 540 -168 -410 0 0 -1 0 1 0 1 0 0 3004.dat
1 19 570 -168 -420 0 0 -1 0 1 0 1 0 0 3002.dat
1 19 420 -168 -370 0 0 -1 0 1 0 1 0 0 3009.dat
1 19 600 -168 -430 0 0 -1 0 1 0 1 0 0 3004.dat
1 19 480 -168 -340 0 0 -1 0 1 0 1 0 0 3005.dat
1 19 460 -168 -290 0 0 -1 0 1 0 1 0 0 3008.dat
1 19 440 -168 -270 0 0 -1 0 1 0 1 0 0 3008.dat
1 19 420 -168 -270 0 0 -1 0 1 0 1 0 0 3010.dat
1 19 420 -168 -220 0 0 -1 0 1 0 1 0 0 3005.dat
1 19 480 -168 -190 0 0 -1 0 1 0 1 0 0 3010.dat
0 STEP
1 19 820 -168 -410 0 0 -1 0 1 0 1 0 0 3004.dat
1 19 840 -168 -380 0 0 -1 0 1 0 1 0 0 3622.dat
1 19 860 -168 -420 1 0 0 0 1 0 0 0 1 3622.dat
1 19 880 -168 -380 0 0 -1 0 1 0 1 0 0 3622.dat
1 19 900 -168 -370 0 0 -1 0 1 0 1 0 0 3009.dat
1 19 860 -168 -330 0 0 -1 0 1 0 1 0 0 3008.dat
1 19 880 -168 -270 0 0 -1 0 1 0 1 0 0 3008.dat
1 19 900 -168 -270 0 0 -1 0 1 0 1 0 0 3010.dat
1 19 860 -168 -210 0 0 -1 0 1 0 1 0 0 3010.dat
1 19 820 -168 -200 0 0 -1 0 1 0 1 0 0 3005.dat
1 19 840 -168 -190 0 0 -1 0 1 0 1 0 0 3009.dat
1 19 860 -168 -160 0 0 -1 0 1 0 1 0 0 3005.dat
1 19 820 -168 -150 0 0 -1 0 1 0 1 0 0 3010.dat
1 19 780 -168 -160 0 0 -1 0 1 0 1 0 0 3005.dat
1 19 800 -168 -130 0 0 -1 0 1 0 1 0 0 3010.dat
1 19 770 -168 -110 0 0 -1 0 1 0 1 0 0 3001.dat
1 19 740 -168 -100 0 0 -1 0 1 0 1 0 0 3622.dat
1 19 720 -168 -90 0 0 -1 0 1 0 1 0 0 3010.dat
1 19 690 -168 -80 0 0 -1 0 1 0 1 0 0 3002.dat
1 19 650 -168 -80 0 0 -1 0 1 0 1 0 0 3002.dat
0 STEP
1 19 460 -168 -180 0 0 -1 0 1 0 1 0 0 3622.dat
1 19 440 -168 -180 0 0 -1 0 1 0 1 0 0 3005.dat
1 19 480 -168 -140 0 0 -1 0 1 0 1 0 0 3005.dat
1 19 500 -168 -150 0 0 -1 0 1 0 1 0 0 3010.dat
1 19 520 -168 -130 0 0 -1 0 1 0 1 0 0 3010.dat
1 19 540 -168 -160 0 0 -1 0 1 0 1 0 0 3005.dat
1 19 550 -168 -110 0 0 -1 0 1 0 1 0 0 3001.dat
1 19 590 -168 -90 0 0 -1 0 1 0 1 0 0 3001.dat
1 19 620 -168 -80 0 0 -1 0 1 0 1 0 0 3622.dat
0 STEP
1 19 820 -192 -850 1 0 0 0 1 0 0 0 1 3002.dat
1 19 800 -192 -800 0 0 -1 0 1 0 1 0 0 3622.dat
1 19 830 -192 -790 0 0 -1 0 1 0 1 0 0 3001.dat
1 19 860 -192 -810 0 0 -1 0 1 0 1 0 0 3010.dat
1 15 720 -192 -600 1 0 0 0 1 0 0 0 1 3005.dat
1 15 730 -192 -580 1 0 0 0 1 0 0 0 1 3004.dat
1 15 700 -192 -570 0 0 -1 0 1 0 1 0 0 3010.dat
1 15 740 -192 -550 1 0 0 0 1 0 0 0 1 3002.dat
1 15 670 -192 -570 0 0 -1 0 1 0 1 0 0 3001.dat
1 19 730 -192 -520 1 0 0 0 1 0 0 0 1 3010.dat
1 15 630 -192 -570 0 0 -1 0 1 0 1 0 0 3001.dat
1 19 740 -192 -500 1 0 0 0 1 0 0 0 1 3622.dat
1 15 600 -192 -600 1 0 0 0 1 0 0 0 1 3005.dat
1 15 590 -192 -580 1 0 0 0 1 0 0 0 1 3004.dat
1 19 580 -192 -560 1 0 0 0 1 0 0 0 1 3622.dat
1 19 590 -192 -540 1 0 0 0 1 0 0 0 1 3004.dat
1 19 600 -192 -520 1 0 0 0 1 0 0 0 1 3622.dat
1 19 750 -192 -470 1 0 0 0 1 0 0 0 1 3001.dat
1 19 560 -192 -530 0 0 -1 0 1 0 1 0 0 3004.dat
1 19 580 -192 -500 1 0 0 0 1 0 0 0 1 3622.dat
0 STEP
1 19 420 -192 -740 1 0 0 0 1 0 0 0 1 3622.dat
1 19 410 -192 -720 1 0 0 0 1 0 0 0 1 3010.dat
1 19 390 -192 -690 1 0 0 0 1 0 0 0 1 3003.dat
1 19 430 -192 -670 0 0 -1 0 1 0 1 0 0 3001.dat
1 19 400 -192 -660 1 0 0 0 1 0 0 0 1 3005.dat
1 19 490 -192 -460 1 0 0 0 1 0 0 0 1 3009.dat
1 19 570 -192 -480 1 0 0 0 1 0 0 0 1 3010.dat
1 19 490 -192 -430 1 0 0 0 1 0 0 0 1 3007.dat
1 19 580 -192 -460 1 0 0 0 1 0 0 0 1 3622.dat
1 19 470 -192 -400 1 0 0 0 1 0 0 0 1 3008.dat
1 19 580 -192 -430 0 0 -1 0 1 0 1 0 0 3004.dat
1 19 480 -192 -380 1 0 0 0 1 0 0 0 1 3005.dat
1 19 430 -192 -370 1 0 0 0 1 0 0 0 1 3001.dat
1 19 430 -192 -330 1 0 0 0 1 0 0 0 1 3001.dat
1 19 400 -192 -300 1 0 0 0 1 0 0 0 1 3005.dat
1 19 440 -192 -290 1 0 0 0 1 0 0 0 1 3002.dat
1 19 440 -192 -250 1 0 0 0 1 0 0 0 1 3002.dat
1 19 450 -192 -220 1 0 0 0 1 0 0 0 1 3010.dat
1 19 460 -192 -200 1 0 0 0 1 0 0 0 1 3622.dat
1 19 470 -192 -180 1 0 0 0 1 0 0 0 1 3010.dat
0 STEP
1 19 810 -192 -450 0 0 -1 0 1 0 1 0 0 3001.dat
1 19 850 -192 -450 0 0 -1 0 1 0 1 0 0 3001.dat
1 19 880 -192 -430 0 0 -1 0 1 0 1 0 0 3010.dat
1 19 850 -192 -400 1 0 0 0 1 0 0 0 1 3004.dat
1 19 900 -192 -410 0 0 -1 0 1 0 1 0 0 3010.dat
1 19 870 -192 -380 1 0 0 0 1 0 0 0 1 3004.dat
1 19 890 -192 -360 1 0 0 0 1 0 0 0 1 3010.dat
1 19 920 -192 -390 0 0 -1 0 1 0 1 0 0 3004.dat
1 19 890 -192 -330 1 0 0 0 1 0 0 0 1 3001.dat
1 19 890 -192 -290 1 0 0 0 1 0 0 0 1 3001.dat
1 19 760 -192 -430 1 0 0 0 1 0 0 0 1 3002.dat
1 19 880 -192 -260 1 0 0 0 1 0 0 0 1 3622.dat
1 19 870 -192 -240 1 0 0 0 1 0 0 0 1 3010.dat
1 19 860 -192 -210 1 0 0 0 1 0 0 0 1 3002.dat
1 19 840 -192 -180 1 0 0 0 1 0 0 0 1 3622.dat
1 19 830 -192 -160 1 0 0 0 1 0 0 0 1 3010.dat
1 19 810 -192 -140 1 0 0 0 1 0 0 0 1 3010.dat
1 19 820 -192 -120 1 0 0 0 1 0 0 0 1 3005.dat
1 19 770 -192 -120 1 0 0 0 1 0 0 0 1 3010.dat
1 19 750 -192 -100 1 0 0 0 1 0 0 0 1 3009.dat
0 STEP
1 19 490 -192 -160 1 0 0 0 1 0 0 0 1 3010.dat
1 19 510 -192 -140 1 0 0 0 1 0 0 0 1 3010.dat
1 19 530 -192 -120 1 0 0 0 1 0 0 0 1 3010.dat
1 19 570 -192 -100 1 0 0 0 1 0 0 0 1 3009.dat
1 19 580 -192 -120 1 0 0 0 1 0 0 0 1 3005.dat
1 19 570 -192 -80 1 0 0 0 1 0 0 0 1 3010.dat
1 19 600 -192 -60 1 0 0 0 1 0 0 0 1 3622.dat
1 19 620 -192 -80 1 0 0 0 1 0 0 0 1 3005.dat
1 19 650 -192 -70 0 0 -1 0 1 0 1 0 0 3001.dat
1 19 680 -192 -70 0 0 -1 0 1 0 1 0 0 3010.dat
1 19 720 -192 -60 1 0 0 0 1 0 0 0 1 3622.dat
1 19 730 -192 -80 1 0 0 0 1 0 0 0 1 3010.dat
1 19 780 -192 -80 1 0 0 0 1 0 0 0 1 3005.dat
0 STEP
1 19 830 -216 -840 0 0 -1 0 1 0 1 0 0 3002.dat
1 19 800 -216 -840 0 0 -1 0 1 0 1 0 0 3005.dat
1 19 860 -216 -830 0 0 -1 0 1 0 1 0 0 3004.dat
1 19 860 -216 -800 1 0 0 0 1 0 0 0 1 3622.dat
1 19 800 -216 -790 0 0 -1 0 1 0 1 0 0 3010.dat
1 19 820 -216 -770 0 0 -1 0 1 0 1 0 0 3010.dat
1 19 860 -216 -770 0 0 -1 0 1 0 1 0 0 3004.dat
1 19 840 -216 -760 0 0 -1 0 1 0 1 0 0 3622.dat
1 19 740 -216 -730 0 0 -1 0 1 0 1 0 0 3004.dat
1 19 720 -216 -760 1 0 0 0 1 0 0 0 1 3005.dat
1 15 710 -216 -740 1 0 0 0 1 0 0 0 1 3004.dat
1 19 690 -216 -720 1 0 0 0 1 0 0 0 1 3010.dat
1 15 640 -216 -710 0 0 -1 0 1 0 1 0 0 3004.dat
1 15 720 -216 -590 0 0 -1 0 1 0 1 0 0 3010.dat
1 15 660 -216 -620 1 0 0 0 1 0 0 0 1 3005.dat
1 15 690 -216 -590 0 0 -1 0 1 0 1 0 0 3001.dat
1 19 740 -216 -570 0 0 -1 0 1 0 1 0 0 3009.dat
1 15 620 -216 -640 1 0 0 0 1 0 0 0 1 3005.dat
1 19 760 -216 -550 0 0 -1 0 1 0 1 0 0 3009.dat
1 15 610 -216 -620 1 0 0 0 1 0 0 0 1 3010.dat
0 STEP
1 19 420 -216 -740 1 0 0 0 1 0 0 0 1 3622.dat
1 19 430 -216 -710 1 0 0 0 1 0 0 0 1 3001.dat
1 19 430 -216 -670 1 0 0 0 1 0 0 0 1 3001.dat
1 19 380 -216 -690 0 0 -1 0 1 0 1 0 0 3010.dat
1 19 430 -216 -640 1 0 0 0 1 0 0 0 1 3004.dat
1 19 570 -216 -720 1 0 0 0 1 0 0 0 1 3004.dat
1 19 580 -216 -700 1 0 0 0 1 0 0 0 1 3005.dat
1 19 590 -216 -580 1 0 0 0 1 0 0 0 1 3009.dat
1 19 610 -216 -600 1 0 0 0 1 0 0 0 1 3009.dat
1 19 570 -216 -550 1 0 0 0 1 0 0 0 1 3001.dat
1 19 580 -216 -520 0 0 -1 0 1 0 1 0 0 3005.dat
1 19 620 -216 -550 0 0 -1 0 1 0 1 0 0 3004.dat
1 19 560 -216 -500 0 0 -1 0 1 0 1 0 0 3622.dat
1 19 640 -216 -560 0 0 -1 0 1 0 1 0 0 3005.dat
1 19 660 -216 -570 0 0 -1 0 1 0 1 0 0 3004.dat
1 19 600 -216 -500 0 0 -1 0 1 0 1 0 0 3622.dat
1 19 540 -216 -470 0 0 -1 0 1 0 1 0 0 3009.dat
1 19 580 -216 -470 0 0 -1 0 1 0 1 0 0 3010.dat
1 19 510 -216 -450 0 0 -1 0 1 0 1 0 0 3001.dat
1 19 560 -216 -440 0 0 -1 0 1 0 1 0 0 3622.dat
0 STEP
1 19 780 -216 -530 0 0 -1 0 1 0 1 0 0 3010.dat
1 19 720 -216 -520 0 0 -1 0 1 0 1 0 0 3622.dat
1 19 700 -216 -540 0 0 -1 0 1 0 1 0 0 3005.dat
1 19 740 -216 -470 0 0 -1 0 1 0 1 0 0 3010.dat
1 19 760 -216 -460 0 0 -1 0 1 0 1 0 0 3622.dat
1 19 790 -216 -450 0 0 -1 0 1 0 1 0 0 3001.dat
1 19 820 -216 -450 0 0 -1 0 1 0 1 0 0 3004.dat
1 19 850 -216 -480 1 0 0 0 1 0 0 0 1 3010.dat
1 19 840 -216 -440 0 0 -1 0 1 0 1 0 0 3622.dat
1 19 880 -216 -450 1 0 0 0 1 0 0 0 1 3002.dat
1 19 890 -216 -420 1 0 0 0 1 0 0 0 1 3010.dat
1 19 880 -216 -380 0 0 -1 0 1 0 1 0 0 3622.dat
1 19 920 -216 -380 0 0 -1 0 1 0 1 0 0 3622.dat
1 19 900 -216 -350 0 0 -1 0 1 0 1 0 0 3009.dat
1 19 920 -216 -310 0 0 -1 0 1 0 1 0 0 3010.dat
1 19 860 -216 -280 0 0 -1 0 1 0 1 0 0 3005.dat
1 19 880 -216 -270 0 0 -1 0 1 0 1 0 0 3008.dat
1 19 900 -216 -250 0 0 -1 0 1 0 1 0 0 3010.dat
1 19 840 -216 -220 0 0 -1 0 1 0 1 0 0 3005.dat
1 19 860 -216 -210 0 0 -1 0 1 0 1 0 0 3009.dat
0 STEP
1 19 470 -216 -450 0 0 -1 0 1 0 1 0 0 3001.dat
1 19 440 -216 -460 0 0 -1 0 1 0 1 0 0 3005.dat
1 19 420 -216 -430 0 0 -1 0 1 0 1 0 0 3010.dat
1 19 460 -216 -400 0 0 -1 0 1 0 1 0 0 3005.dat
1 19 420 -216 -380 0 0 -1 0 1 0 1 0 0 3005.dat
1 19 440 -216 -370 0 0 -1 0 1 0 1 0 0 3008.dat
1 19 400 -216 -390 0 0 -1 0 1 0 1 0 0 3010.dat
1 19 420 -216 -330 0 0 -1 0 1 0 1 0 0 3010.dat
1 19 400 -216 -320 0 0 -1 0 1 0 1 0 0 3622.dat
1 19 430 -216 -280 1 0 0 0 1 0 0 0 1 3010.dat
1 19 440 -216 -260 0 0 -1 0 1 0 1 0 0 3005.dat
1 19 420 -216 -240 0 0 -1 0 1 0 1 0 0 3622.dat
1 19 480 -216 -220 0 0 -1 0 1 0 1 0 0 3005.dat
1 19 440 -216 -210 0 0 -1 0 1 0 1 0 0 3010.dat
1 19 460 -216 -210 0 0 -1 0 1 0 1 0 0 3009.dat
1 19 490 -216 -170 0 0 -1 0 1 0 1 0 0 3001.dat
1 19 520 -216 -130 0 0 -1 0 1 0 1 0 0 3010.dat
1 19 500 -216 -120 0 0 -1 0 1 0 1 0 0 3005.dat
1 19 540 -216 -110 0 0 -1 0 1 0 1 0 0 3010.dat
1 19 560 -216 -100 0 0 -1 0 1 0 1 0 0 3622.dat
0 STEP
1 19 820 -216 -200 1 0 0 0 1 0 0 0 1 3005.dat
1 19 840 -216 -170 0 0 -1 0 1 0 1 0 0 3010.dat
1 19 820 -216 -150 0 0 -1 0 1 0 1 0 0 3010.dat
1 19 800 -216 -130 0 0 -1 0 1 0 1 0 0 3010.dat
1 19 780 -216 -110 0 0 -1 0 1 0 1 0 0 3010.dat
1 19 760 -216 -100 0 0 -1 0 1 0 1 0 0 3622.dat
1 19 740 -216 -90 0 0 -1 0 1 0 1 0 0 3010.dat
1 19 710 -216 -80 0 0 -1 0 1 0 1 0 0 3002.dat
1 19 680 -216 -70 0 0 -1 0 1 0 1 0 0 3010.dat
1 19 660 -216 -60 0 0 -1 0 1 0 1 0 0 3622.dat
1 19 640 -216 -70 0 0 -1 0 1 0 1 0 0 3010.dat
1 19 610 -216 -80 0 0 -1 0 1 0 1 0 0 3002.dat
1 19 580 -216 -90 0 0 -1 0 1 0 1 0 0 3010.dat
0 STEP
1 19 830 -240 -830 1 0 0 0 1 0 0 0 1 3001.dat
1 19 820 -240 -790 1 0 0 0 1 0 0 0 1 3002.dat
1 19 820 -240 -760 1 0 0 0 1 0 0 0 1 3622.dat
1 19 860 -240 -770 0 0 -1 0 1 0 1 0 0 3010.dat
1 19 830 -240 -740 1 0 0 0 1 0 0 0 1 3004.dat
1 19 880 -240 -800 0 0 -1 0 1 0 1 0 0 3622.dat
1 19 760 -240 -740 1 0 0 0 1 0 0 0 1 3005.dat
1 19 720 -240 -760 1 0 0 0 1 0 0 0 1 3622.dat
1 19 710 -240 -790 1 0 0 0 1 0 0 0 1 3003.dat
1 19 710 -240 -710 1 0 0 0 1 0 0 0 1 3007.dat
1 19 670 -240 -740 1 0 0 0 1 0 0 0 1 3008.dat
1 19 750 -240 -640 1 0 0 0 1 0 0 0 1 3004.dat
1 15 720 -240 -650 0 0 -1 0 1 0 1 0 0 3004.dat
1 19 750 -240 -610 1 0 0 0 1 0 0 0 1 3001.dat
1 19 690 -240 -630 0 0 -1 0 1 0 1 0 0 2456.dat
1 19 750 -240 -580 1 0 0 0 1 0 0 0 1 3010.dat
1 19 800 -240 -580 1 0 0 0 1 0 0 0 1 3005.dat
1 15 650 -240 -630 0 0 -1 0 1 0 1 0 0 2456.dat
1 19 710 -240 -560 1 0 0 0 1 0 0 0 1 3004.dat
1 19 770 -240 -550 1 0 0 0 1 0 0 0 1 3001.dat
0 STEP
1 19 560 -240 -730 0 0 -1 0 1 0 1 0 0 3009.dat
1 19 540 -240 -730 0 0 -1 0 1 0 1 0 0 3004.dat
1 19 520 -240 -720 1 0 0 0 1 0 0 0 1 3005.dat
1 19 530 -240 -700 1 0 0 0 1 0 0 0 1 3004.dat
1 19 580 -240 -670 0 0 -1 0 1 0 1 0 0 3008.dat
1 19 560 -240 -640 1 0 0 0 1 0 0 0 1 3005.dat
1 15 610 -240 -650 0 0 -1 0 1 0 1 0 0 3007.dat
1 19 460 -240 -670 0 0 -1 0 1 0 1 0 0 3010.dat
1 19 560 -240 -590 0 0 -1 0 1 0 1 0 0 3010.dat
1 19 580 -240 -580 1 0 0 0 1 0 0 0 1 3005.dat
1 19 540 -240 -570 0 0 -1 0 1 0 1 0 0 3009.dat
1 19 600 -240 -560 1 0 0 0 1 0 0 0 1 3622.dat
1 19 520 -240 -550 0 0 -1 0 1 0 1 0 0 3010.dat
1 19 580 -240 -540 1 0 0 0 1 0 0 0 1 3622.dat
1 19 570 -240 -520 1 0 0 0 1 0 0 0 1 3004.dat
1 19 560 -240 -500 1 0 0 0 1 0 0 0 1 3622.dat
1 19 520 -240 -500 1 0 0 0 1 0 0 0 1 3005.dat
1 19 430 -240 -670 0 0 -1 0 1 0 1 0 0 3001.dat
1 19 510 -240 -470 1 0 0 0 1 0 0 0 1 3007.dat
1 19 400 -240 -670 0 0 -1 0 1 0 1 0 0 3010.dat
0 STEP
1 19 720 -240 -540 1 0 0 0 1 0 0 0 1 3005.dat
1 19 770 -240 -520 1 0 0 0 1 0 0 0 1 3010.dat
1 19 760 -240 -490 1 0 0 0 1 0 0 0 1 3002.dat
1 19 800 -240 -470 0 0 -1 0 1 0 1 0 0 3010.dat
1 19 770 -240 -450 1 0 0 0 1 0 0 0 1 3003.dat
1 19 820 -240 -450 0 0 -1 0 1 0 1 0 0 3004.dat
1 19 850 -240 -480 1 0 0 0 1 0 0 0 1 3010.dat
1 19 870 -240 -450 1 0 0 0 1 0 0 0 1 3001.dat
1 19 890 -240 -420 1 0 0 0 1 0 0 0 1 3010.dat
1 19 900 -240 -390 1 0 0 0 1 0 0 0 1 3002.dat
1 19 900 -240 -350 1 0 0 0 1 0 0 0 1 3002.dat
1 19 900 -240 -320 1 0 0 0 1 0 0 0 1 3622.dat
1 19 890 -240 -290 1 0 0 0 1 0 0 0 1 3001.dat
1 19 880 -240 -260 1 0 0 0 1 0 0 0 1 3622.dat
1 19 870 -240 -240 1 0 0 0 1 0 0 0 1 3010.dat
1 19 860 -240 -220 1 0 0 0 1 0 0 0 1 3622.dat
1 19 880 -240 -200 1 0 0 0 1 0 0 0 1 3005.dat
1 19 840 -240 -190 1 0 0 0 1 0 0 0 1 3002.dat
1 19 830 -240 -160 1 0 0 0 1 0 0 0 1 3010.dat
1 19 810 -240 -140 1 0 0 0 1 0 0 0 1 3010.dat
0 STEP
1 19 420 -240 -740 1 0 0 0 1 0 0 0 1 3622.dat
1 19 430 -240 -720 1 0 0 0 1 0 0 0 1 3010.dat
1 19 380 -240 -690 0 0 -1 0 1 0 1 0 0 3010.dat
1 19 420 -240 -460 1 0 0 0 1 0 0 0 1 3005.dat
1 19 490 -240 -440 1 0 0 0 1 0 0 0 1 3008.dat
1 19 430 -240 -420 1 0 0 0 1 0 0 0 1 3010.dat
1 19 520 -240 -420 1 0 0 0 1 0 0 0 1 3005.dat
1 19 420 -240 -390 1 0 0 0 1 0 0 0 1 3002.dat
1 19 420 -240 -350 1 0 0 0 1 0 0 0 1 3002.dat
1 19 420 -240 -320 1 0 0 0 1 0 0 0 1 3622.dat
1 19 430 -240 -290 1 0 0 0 1 0 0 0 1 3001.dat
1 19 440 -240 -260 1 0 0 0 1 0 0 0 1 3622.dat
1 19 450 -240 -240 1 0 0 0 1 0 0 0 1 3010.dat
1 19 460 -240 -220 1 0 0 0 1 0 0 0 1 3622.dat
1 19 470 -240 -200 1 0 0 0 1 0 0 0 1 3010.dat
1 19 480 -240 -180 1 0 0 0 1 0 0 0 1 3622.dat
1 19 490 -240 -160 1 0 0 0 1 0 0 0 1 3010.dat
1 19 510 -240 -140 1 0 0 0 1 0 0 0 1 3010.dat
1 19 500 -240 -120 1 0 0 0 1 0 0 0 1 3005.dat
1 19 550 -240 -120 1 0 0 0 1 0 0 0 1 3010.dat
0 STEP
1 19 740 -240 -120 1 0 0 0 1 0 0 0 1 3005.dat
1 19 750 -240 -100 1 0 0 0 1 0 0 0 1 3009.dat
1 19 710 -240 -80 1 0 0 0 1 0 0 0 1 3008.dat
1 19 680 -240 -100 1 0 0 0 1 0 0 0 1 3005.dat
1 19 670 -240 -60 1 0 0 0 1 0 0 0 1 3008.dat
1 19 660 -240 -40 1 0 0 0 1 0 0 0 1 3622.dat
1 19 790 -240 -120 1 0 0 0 1 0 0 0 1 3010.dat
1 19 590 -240 -80 1 0 0 0 1 0 0 0 1 3010.dat
1 19 580 -240 -60 1 0 0 0 1 0 0 0 1 3005.dat
1 19 570 -240 -100 1 0 0 0 1 0 0 0 1 3008.dat
1 19 540 -240 -80 1 0 0 0 1 0 0 0 1 3005.dat
0 STEP
1 19 700 -264 -790 0 0 -1 0 1 0 1 0 0 3009.dat
1 19 720 -264 -780 0 0 -1 0 1 0 1 0 0 3622.dat
1 19 740 -264 -730 0 0 -1 0 1 0 1 0 0 3009.dat
1 19 780 -264 -760 1 0 0 0 1 0 0 0 1 3005.dat
1 19 760 -264 -710 0 0 -1 0 1 0 1 0 0 3009.dat
1 19 780 -264 -710 0 0 -1 0 1 0 1 0 0 3010.dat
1 19 800 -264 -750 0 0 -1 0 1 0 1 0 0 3009.dat
1 19 820 -264 -750 0 0 -1 0 1 0 1 0 0 3010.dat
1 19 720 -264 -690 0 0 -1 0 1 0 1 0 0 3009.dat
1 19 800 -264 -820 0 0 -1 0 1 0 1 0 0 3005.dat
1 19 850 -264 -750 0 0 -1 0 1 0 1 0 0 3001.dat
1 19 820 -264 -820 0 0 -1 0 1 0 1 0 0 3622.dat
1 19 850 -264 -820 0 0 -1 0 1 0 1 0 0 3002.dat
1 19 880 -264 -790 0 0 -1 0 1 0 1 0 0 3010.dat
1 19 700 -264 -670 0 0 -1 0 1 0 1 0 0 3009.dat
1 19 670 -264 -690 0 0 -1 0 1 0 1 0 0 3007.dat
1 19 760 -264 -620 0 0 -1 0 1 0 1 0 0 3622.dat
1 19 780 -264 -610 0 0 -1 0 1 0 1 0 0 3009.dat
1 19 740 -264 -610 0 0 -1 0 1 0 1 0 0 3009.dat
1 19 720 -264 -600 0 0 -1 0 1 0 1 0 0 3622.dat
0 STEP
1 19 550 -264 -800 1 0 0 0 1 0 0 0 1 3004.dat
1 19 570 -264 -770 0 0 -1 0 1 0 1 0 0 3003.dat
1 19 540 -264 -760 1 0 0 0 1 0 0 0 1 3005.dat
1 19 560 -264 -740 1 0 0 0 1 0 0 0 1 3622.dat
1 19 600 -264 -750 0 0 -1 0 1 0 1 0 0 3010.dat
1 19 530 -264 -720 1 0 0 0 1 0 0 0 1 3010.dat
1 19 580 -264 -710 0 0 -1 0 1 0 1 0 0 3004.dat
1 19 540 -264 -700 1 0 0 0 1 0 0 0 1 3622.dat
1 19 600 -264 -700 0 0 -1 0 1 0 1 0 0 3005.dat
1 19 570 -264 -680 1 0 0 0 1 0 0 0 1 3009.dat
1 19 630 -264 -730 0 0 -1 0 1 0 1 0 0 3001.dat
1 19 590 -264 -660 1 0 0 0 1 0 0 0 1 3009.dat
1 19 500 -264 -690 0 0 -1 0 1 0 1 0 0 3004.dat
1 19 640 -264 -680 0 0 -1 0 1 0 1 0 0 3005.dat
1 19 560 -264 -620 0 0 -1 0 1 0 1 0 0 3622.dat
1 19 590 -264 -610 0 0 -1 0 1 0 1 0 0 3001.dat
1 19 540 -264 -610 0 0 -1 0 1 0 1 0 0 3010.dat
1 19 630 -264 -620 0 0 -1 0 1 0 1 0 0 3002.dat
1 19 460 -264 -690 0 0 -1 0 1 0 1 0 0 3010.dat
1 19 520 -264 -590 0 0 -1 0 1 0 1 0 0 3008.dat
0 STEP
1 19 400 -264 -690 0 0 -1 0 1 0 1 0 0 3009.dat
1 19 380 -264 -690 0 0 -1 0 1 0 1 0 0 3010.dat
1 19 430 -264 -720 0 0 -1 0 1 0 1 0 0 3002.dat
1 19 430 -264 -650 0 0 -1 0 1 0 1 0 0 3001.dat
1 19 460 -264 -640 0 0 -1 0 1 0 1 0 0 3005.dat
1 19 500 -264 -510 0 0 -1 0 1 0 1 0 0 3008.dat
1 19 580 -264 -560 0 0 -1 0 1 0 1 0 0 3005.dat
1 19 560 -264 -530 0 0 -1 0 1 0 1 0 0 3009.dat
1 19 540 -264 -510 0 0 -1 0 1 0 1 0 0 3009.dat
1 19 460 -264 -480 0 0 -1 0 1 0 1 0 0 3005.dat
1 19 520 -264 -480 0 0 -1 0 1 0 1 0 0 3622.dat
1 19 480 -264 -450 0 0 -1 0 1 0 1 0 0 3010.dat
1 19 560 -264 -460 0 0 -1 0 1 0 1 0 0 3005.dat
1 19 530 -264 -440 1 0 0 0 1 0 0 0 1 3004.dat
1 19 500 -264 -420 1 0 0 0 1 0 0 0 1 3005.dat
1 19 440 -264 -410 0 0 -1 0 1 0 1 0 0 3008.dat
1 19 460 -264 -390 0 0 -1 0 1 0 1 0 0 3008.dat
1 19 420 -264 -390 0 0 -1 0 1 0 1 0 0 3008.dat
1 19 400 -264 -370 0 0 -1 0 1 0 1 0 0 3009.dat
1 19 680 -264 -600 1 0 0 0 1 0 0 0 1 3622.dat
0 STEP
1 19 800 -264 -590 0 0 -1 0 1 0 1 0 0 3009.dat
1 19 820 -264 -550 0 0 -1 0 1 0 1 0 0 3004.dat
1 19 780 -264 -540 0 0 -1 0 1 0 1 0 0 3005.dat
1 19 760 -264 -560 0 0 -1 0 1 0 1 0 0 3622.dat
1 19 790 -264 -520 1 0 0 0 1 0 0 0 1 3010.dat
1 19 770 -264 -480 0 0 -1 0 1 0 1 0 0 3002.dat
1 19 810 -264 -470 0 0 -1 0 1 0 1 0 0 3001.dat
1 19 840 -264 -460 0 0 -1 0 1 0 1 0 0 3622.dat
1 19 860 -264 -450 0 0 -1 0 1 0 1 0 0 3010.dat
1 19 820 -264 -420 1 0 0 0 1 0 0 0 1 3005.dat
1 19 880 -264 -410 0 0 -1 0 1 0 1 0 0 3008.dat
1 19 900 -264 -390 0 0 -1 0 1 0 1 0 0 3008.dat
1 19 920 -264 -370 0 0 -1 0 1 0 1 0 0 3009.dat
1 19 860 -264 -330 0 0 -1 0 1 0 1 0 0 3008.dat
1 19 920 -264 -300 0 0 -1 0 1 0 1 0 0 3005.dat
1 19 880 -264 -270 0 0 -1 0 1 0 1 0 0 3009.dat
1 19 900 -264 -270 0 0 -1 0 1 0 1 0 0 3010.dat
1 19 840 -264 -230 0 0 -1 0 1 0 1 0 0 3010.dat
1 19 860 -264 -210 0 0 -1 0 1 0 1 0 0 3010.dat
1 19 880 -264 -200 0 0 -1 0 1 0 1 0 0 3005.dat
0 STEP
1 19 440 -264 -270 0 0 -1 0 1 0 1 0 0 3009.dat
1 19 420 -264 -270 0 0 -1 0 1 0 1 0 0 3010.dat
1 19 400 -264 -300 0 0 -1 0 1 0 1 0 0 3005.dat
1 19 460 -264 -230 0 0 -1 0 1 0 1 0 0 3008.dat
1 19 480 -264 -230 0 0 -1 0 1 0 1 0 0 3010.dat
1 19 440 -264 -200 0 0 -1 0 1 0 1 0 0 3005.dat
1 19 480 -264 -160 0 0 -1 0 1 0 1 0 0 3622.dat
1 19 500 -264 -170 0 0 -1 0 1 0 1 0 0 3010.dat
1 19 520 -264 -150 0 0 -1 0 1 0 1 0 0 3010.dat
1 19 500 -264 -120 0 0 -1 0 1 0 1 0 0 3005.dat
1 19 520 -264 -100 0 0 -1 0 1 0 1 0 0 3005.dat
1 19 540 -264 -110 0 0 -1 0 1 0 1 0 0 3010.dat
1 19 560 -264 -100 0 0 -1 0 1 0 1 0 0 3622.dat
1 19 580 -264 -90 0 0 -1 0 1 0 1 0 0 3010.dat
1 19 610 -264 -80 0 0 -1 0 1 0 1 0 0 3002.dat
1 19 640 -264 -70 0 0 -1 0 1 0 1 0 0 3010.dat
1 19 670 -264 -70 0 0 -1 0 1 0 1 0 0 3001.dat
1 19 710 -264 -80 0 0 -1 0 1 0 1 0 0 3002.dat
1 19 740 -264 -90 0 0 -1 0 1 0 1 0 0 3010.dat
1 19 760 -264 -100 0 0 -1 0 1 0 1 0 0 3622.dat
0 STEP
1 19 820 -264 -170 0 0 -1 0 1 0 1 0 0 3009.dat
1 19 840 -264 -160 0 0 -1 0 1 0 1 0 0 3622.dat
1 19 860 -264 -160 0 0 -1 0 1 0 1 0 0 3005.dat
1 19 800 -264 -150 0 0 -1 0 1 0 1 0 0 3010.dat
1 19 800 -264 -100 0 0 -1 0 1 0 1 0 0 3005.dat
1 19 780 -264 -110 0 0 -1 0 1 0 1 0 0 3010.dat
0 STEP
1 19 690 -288 -850 1 0 0 0 1 0 0 0 1 3003.dat
1 19 710 -288 -810 1 0 0 0 1 0 0 0 1 3003.dat
1 19 710 -288 -770 1 0 0 0 1 0 0 0 1 2456.dat
1 19 730 -288 -730 1 0 0 0 1 0 0 0 1 3007.dat
1 19 630 -288 -750 0 0 -1 0 1 0 1 0 0 2456.dat
1 19 690 -288 -700 1 0 0 0 1 0 0 0 1 3010.dat
1 19 600 -288 -770 0 0 -1 0 1 0 1 0 0 3010.dat
1 19 580 -288 -760 0 0 -1 0 1 0 1 0 0 3622.dat
1 19 600 -288 -700 1 0 0 0 1 0 0 0 1 3005.dat
1 19 580 -288 -720 1 0 0 0 1 0 0 0 1 3622.dat
1 19 650 -288 -660 1 0 0 0 1 0 0 0 1 3009.dat
1 19 590 -288 -680 1 0 0 0 1 0 0 0 1 3008.dat
1 19 670 -288 -640 1 0 0 0 1 0 0 0 1 3008.dat
1 19 550 -288 -700 1 0 0 0 1 0 0 0 1 3010.dat
1 19 550 -288 -790 0 0 -1 0 1 0 1 0 0 2456.dat
1 19 520 -288 -740 1 0 0 0 1 0 0 0 1 3005.dat
1 19 650 -288 -620 1 0 0 0 1 0 0 0 1 3008.dat
1 19 510 -288 -720 1 0 0 0 1 0 0 0 1 3010.dat
1 19 530 -288 -650 1 0 0 0 1 0 0 0 1 2456.dat
1 19 580 -288 -600 1 0 0 0 1 0 0 0 1 3005.dat
0 STEP
1 19 830 -288 -840 1 0 0 0 1 0 0 0 1 3004.dat
1 19 830 -288 -810 1 0 0 0 1 0 0 0 1 3001.dat
1 19 810 -288 -780 1 0 0 0 1 0 0 0 1 3010.dat
1 19 860 -288 -780 1 0 0 0 1 0 0 0 1 3005.dat
1 19 840 -288 -760 1 0 0 0 1 0 0 0 1 3005.dat
1 19 800 -288 -760 1 0 0 0 1 0 0 0 1 3622.dat
1 19 880 -288 -770 0 0 -1 0 1 0 1 0 0 3010.dat
1 19 830 -288 -730 1 0 0 0 1 0 0 0 1 3003.dat
1 19 860 -288 -730 0 0 -1 0 1 0 1 0 0 3010.dat
1 19 790 -288 -700 1 0 0 0 1 0 0 0 1 3009.dat
1 19 750 -288 -680 1 0 0 0 1 0 0 0 1 3008.dat
1 19 770 -288 -660 1 0 0 0 1 0 0 0 1 3009.dat
1 19 790 -288 -630 1 0 0 0 1 0 0 0 1 3001.dat
1 19 740 -288 -610 0 0 -1 0 1 0 1 0 0 3004.dat
1 19 790 -288 -590 1 0 0 0 1 0 0 0 1 3001.dat
1 19 800 -288 -560 1 0 0 0 1 0 0 0 1 3622.dat
1 19 810 -288 -530 1 0 0 0 1 0 0 0 1 3001.dat
1 19 810 -288 -490 1 0 0 0 1 0 0 0 1 3001.dat
1 19 860 -288 -480 1 0 0 0 1 0 0 0 1 3005.dat
1 19 830 -288 -460 1 0 0 0 1 0 0 0 1 3009.dat
0 STEP
1 19 420 -288 -740 1 0 0 0 1 0 0 0 1 3622.dat
1 19 410 -288 -720 1 0 0 0 1 0 0 0 1 3010.dat
1 19 400 -288 -690 1 0 0 0 1 0 0 0 1 3002.dat
1 19 460 -288 -720 1 0 0 0 1 0 0 0 1 3005.dat
1 19 470 -288 -690 1 0 0 0 1 0 0 0 1 3001.dat
1 19 410 -288 -650 1 0 0 0 1 0 0 0 1 3001.dat
1 19 460 -288 -640 0 0 -1 0 1 0 1 0 0 3622.dat
1 19 430 -288 -620 1 0 0 0 1 0 0 0 1 3004.dat
1 19 530 -288 -620 1 0 0 0 1 0 0 0 1 3010.dat
1 19 530 -288 -590 1 0 0 0 1 0 0 0 1 3001.dat
1 19 510 -288 -550 1 0 0 0 1 0 0 0 1 3001.dat
1 19 510 -288 -510 1 0 0 0 1 0 0 0 1 3001.dat
1 19 490 -288 -480 1 0 0 0 1 0 0 0 1 3010.dat
1 19 540 -288 -470 0 0 -1 0 1 0 1 0 0 3004.dat
1 19 470 -288 -450 1 0 0 0 1 0 0 0 1 2456.dat
1 19 480 -288 -420 1 0 0 0 1 0 0 0 1 3622.dat
1 19 430 -288 -420 1 0 0 0 1 0 0 0 1 3004.dat
1 19 440 -288 -390 1 0 0 0 1 0 0 0 1 3002.dat
1 19 440 -288 -350 1 0 0 0 1 0 0 0 1 3002.dat
1 19 440 -288 -310 1 0 0 0 1 0 0 0 1 3002.dat
0 STEP
1 19 900 -288 -460 1 0 0 0 1 0 0 0 1 3005.dat
1 19 900 -288 -420 1 0 0 0 1 0 0 0 1 3005.dat
1 19 850 -288 -440 1 0 0 0 1 0 0 0 1 3009.dat
1 19 850 -288 -420 1 0 0 0 1 0 0 0 1 3010.dat
1 19 880 -288 -390 1 0 0 0 1 0 0 0 1 3002.dat
1 19 880 -288 -350 1 0 0 0 1 0 0 0 1 3002.dat
1 19 880 -288 -310 1 0 0 0 1 0 0 0 1 3002.dat
1 19 870 -288 -270 1 0 0 0 1 0 0 0 1 3001.dat
1 19 860 -288 -240 1 0 0 0 1 0 0 0 1 3622.dat
1 19 850 -288 -220 1 0 0 0 1 0 0 0 1 3010.dat
1 19 840 -288 -200 1 0 0 0 1 0 0 0 1 3622.dat
1 19 830 -288 -180 1 0 0 0 1 0 0 0 1 3010.dat
1 19 810 -288 -160 1 0 0 0 1 0 0 0 1 3010.dat
1 19 840 -288 -140 1 0 0 0 1 0 0 0 1 3005.dat
1 19 790 -288 -140 1 0 0 0 1 0 0 0 1 3010.dat
1 19 820 -288 -120 1 0 0 0 1 0 0 0 1 3005.dat
1 19 770 -288 -120 1 0 0 0 1 0 0 0 1 3010.dat
1 19 800 -288 -100 1 0 0 0 1 0 0 0 1 3005.dat
1 19 780 -288 -80 1 0 0 0 1 0 0 0 1 3005.dat
1 19 730 -288 -100 1 0 0 0 1 0 0 0 1 3009.dat
0 STEP
1 19 450 -288 -270 1 0 0 0 1 0 0 0 1 3001.dat
1 19 460 -288 -240 1 0 0 0 1 0 0 0 1 3622.dat
1 19 470 -288 -220 1 0 0 0 1 0 0 0 1 3010.dat
1 19 480 -288 -200 1 0 0 0 1 0 0 0 1 3622.dat
1 19 490 -288 -180 1 0 0 0 1 0 0 0 1 3010.dat
1 19 500 -288 -160 1 0 0 0 1 0 0 0 1 3622.dat
1 19 480 -288 -140 1 0 0 0 1 0 0 0 1 3005.dat
1 19 530 -288 -130 1 0 0 0 1 0 0 0 1 3001.dat
1 19 580 -288 -120 1 0 0 0 1 0 0 0 1 3005.dat
1 19 590 -288 -100 1 0 0 0 1 0 0 0 1 3008.dat
1 19 610 -288 -80 1 0 0 0 1 0 0 0 1 3008.dat
1 7 650 -288 -60 1 0 0 0 1 0 0 0 1 3008.dat
1 19 730 -288 -80 1 0 0 0 1 0 0 0 1 3010.dat
1 19 740 -288 -60 1 0 0 0 1 0 0 0 1 3005.dat
0 STEP
1 19 690 -312 -860 0 0 -1 0 1 0 1 0 0 3002.dat
1 19 690 -312 -820 1 0 0 0 1 0 0 0 1 3010.dat
1 19 670 -312 -770 0 0 -1 0 1 0 1 0 0 3001.dat
1 19 710 -312 -770 0 0 -1 0 1 0 1 0 0 3001.dat
1 19 640 -312 -770 0 0 -1 0 1 0 1 0 0 3009.dat
1 19 620 -312 -810 0 0 -1 0 1 0 1 0 0 3004.dat
1 19 610 -312 -750 0 0 -1 0 1 0 1 0 0 3001.dat
1 19 590 -312 -800 1 0 0 0 1 0 0 0 1 3004.dat
1 19 580 -312 -820 1 0 0 0 1 0 0 0 1 3005.dat
1 19 570 -312 -780 1 0 0 0 1 0 0 0 1 3004.dat
1 19 560 -312 -830 0 0 -1 0 1 0 1 0 0 3010.dat
1 19 550 -312 -760 1 0 0 0 1 0 0 0 1 3010.dat
1 19 540 -312 -810 0 0 -1 0 1 0 1 0 0 3010.dat
1 19 560 -312 -730 1 0 0 0 1 0 0 0 1 3002.dat
1 19 520 -312 -720 0 0 -1 0 1 0 1 0 0 3622.dat
1 19 600 -312 -670 0 0 -1 0 1 0 1 0 0 3004.dat
1 19 570 -312 -660 0 0 -1 0 1 0 1 0 0 3002.dat
1 19 520 -312 -680 0 0 -1 0 1 0 1 0 0 3005.dat
1 19 500 -312 -690 0 0 -1 0 1 0 1 0 0 3009.dat
1 19 680 -312 -670 0 0 -1 0 1 0 1 0 0 3004.dat
0 STEP
1 19 820 -312 -810 0 0 -1 0 1 0 1 0 0 3004.dat
1 19 800 -312 -800 0 0 -1 0 1 0 1 0 0 3005.dat
1 19 840 -312 -800 0 0 -1 0 1 0 1 0 0 3622.dat
1 19 860 -312 -820 0 0 -1 0 1 0 1 0 0 3005.dat
1 19 870 -312 -750 0 0 -1 0 1 0 1 0 0 2456.dat
1 19 840 -312 -710 0 0 -1 0 1 0 1 0 0 3009.dat
1 19 820 -312 -710 0 0 -1 0 1 0 1 0 0 3008.dat
1 19 790 -312 -710 0 0 -1 0 1 0 1 0 0 3007.dat
1 19 750 -312 -770 0 0 -1 0 1 0 1 0 0 3001.dat
1 19 760 -312 -670 0 0 -1 0 1 0 1 0 0 3009.dat
1 19 730 -312 -670 0 0 -1 0 1 0 1 0 0 3001.dat
1 19 700 -312 -680 0 0 -1 0 1 0 1 0 0 3622.dat
1 19 810 -312 -620 1 0 0 0 1 0 0 0 1 3010.dat
1 19 810 -312 -590 1 0 0 0 1 0 0 0 1 3001.dat
1 19 800 -312 -560 1 0 0 0 1 0 0 0 1 3622.dat
1 19 840 -312 -530 0 0 -1 0 1 0 1 0 0 3010.dat
1 19 800 -312 -490 0 0 -1 0 1 0 1 0 0 3009.dat
1 19 820 -312 -470 0 0 -1 0 1 0 1 0 0 3008.dat
1 19 870 -312 -460 1 0 0 0 1 0 0 0 1 3004.dat
1 19 840 -312 -430 0 0 -1 0 1 0 1 0 0 3009.dat
0 STEP
1 19 400 -312 -720 0 0 -1 0 1 0 1 0 0 3622.dat
1 19 380 -312 -720 0 0 -1 0 1 0 1 0 0 3005.dat
1 19 380 -312 -670 0 0 -1 0 1 0 1 0 0 3010.dat
1 19 430 -312 -670 0 0 -1 0 1 0 1 0 0 3007.dat
1 19 400 -312 -650 0 0 -1 0 1 0 1 0 0 3010.dat
1 19 460 -312 -670 0 0 -1 0 1 0 1 0 0 3009.dat
1 19 480 -312 -650 0 0 -1 0 1 0 1 0 0 3008.dat
1 19 520 -312 -630 0 0 -1 0 1 0 1 0 0 3010.dat
1 19 540 -312 -630 0 0 -1 0 1 0 1 0 0 3008.dat
1 19 480 -312 -560 0 0 -1 0 1 0 1 0 0 3005.dat
1 19 500 -312 -550 0 0 -1 0 1 0 1 0 0 3008.dat
1 19 480 -312 -510 0 0 -1 0 1 0 1 0 0 3010.dat
1 19 520 -312 -510 0 0 -1 0 1 0 1 0 0 3008.dat
1 19 420 -312 -440 0 0 -1 0 1 0 1 0 0 3005.dat
1 19 490 -312 -430 0 0 -1 0 1 0 1 0 0 3001.dat
1 19 450 -312 -410 0 0 -1 0 1 0 1 0 0 2456.dat
1 19 420 -312 -390 0 0 -1 0 1 0 1 0 0 3010.dat
1 19 450 -312 -330 1 0 0 0 1 0 0 0 1 3001.dat
1 19 420 -312 -300 0 0 -1 0 1 0 1 0 0 3005.dat
1 19 440 -312 -270 0 0 -1 0 1 0 1 0 0 3010.dat
0 STEP
1 19 870 -312 -390 0 0 -1 0 1 0 1 0 0 2456.dat
1 19 900 -312 -390 0 0 -1 0 1 0 1 0 0 3009.dat
1 19 870 -312 -320 1 0 0 0 1 0 0 0 1 3010.dat
1 19 900 -312 -300 0 0 -1 0 1 0 1 0 0 3005.dat
1 19 880 -312 -270 0 0 -1 0 1 0 1 0 0 3010.dat
1 19 860 -312 -250 0 0 -1 0 1 0 1 0 0 3009.dat
1 19 840 -312 -230 0 0 -1 0 1 0 1 0 0 3008.dat
1 19 820 -312 -210 0 0 -1 0 1 0 1 0 0 3010.dat
1 19 800 -312 -150 0 0 -1 0 1 0 1 0 0 3009.dat
1 19 820 -312 -140 0 0 -1 0 1 0 1 0 0 3622.dat
1 19 780 -312 -130 0 0 -1 0 1 0 1 0 0 3010.dat
1 19 760 -312 -110 0 0 -1 0 1 0 1 0 0 3010.dat
1 19 730 -312 -90 0 0 -1 0 1 0 1 0 0 3001.dat
1 7 690 -312 -80 0 0 -1 0 1 0 1 0 0 3002.dat
1 7 650 -312 -80 0 0 -1 0 1 0 1 0 0 3002.dat
1 19 600 -312 -120 1 0 0 0 1 0 0 0 1 3005.dat
1 19 610 -312 -80 0 0 -1 0 1 0 1 0 0 3002.dat
1 19 580 -312 -90 0 0 -1 0 1 0 1 0 0 3010.dat
1 19 560 -312 -110 0 0 -1 0 1 0 1 0 0 3010.dat
1 19 540 -312 -130 0 0 -1 0 1 0 1 0 0 3010.dat
1 19 460 -312 -250 0 0 -1 0 1 0 1 0 0 3009.dat
1 19 480 -312 -230 0 0 -1 0 1 0 1 0 0 3008.dat
1 19 500 -312 -190 0 0 -1 0 1 0 1 0 0 3009.dat
1 19 520 -312 -150 0 0 -1 0 1 0 1 0 0 3009.dat
0 STEP
1 19 680 -336 -870 0 0 -1 0 1 0 1 0 0 3010.dat
1 19 700 -336 -850 0 0 -1 0 1 0 1 0 0 3004.dat
1 19 720 -336 -810 0 0 -1 0 1 0 1 0 0 3010.dat
1 19 690 -336 -800 0 0 -1 0 1 0 1 0 0 3002.dat
1 19 650 -336 -810 0 0 -1 0 1 0 1 0 0 3001.dat
1 19 740 -336 -790 0 0 -1 0 1 0 1 0 0 3010.dat
1 19 760 -336 -800 1 0 0 0 1 0 0 0 1 3005.dat
1 19 670 -336 -760 1 0 0 0 1 0 0 0 1 3009.dat
1 19 620 -336 -810 0 0 -1 0 1 0 1 0 0 3010.dat
1 19 600 -336 -790 0 0 -1 0 1 0 1 0 0 3010.dat
1 19 610 -336 -740 1 0 0 0 1 0 0 0 1 3004.dat
1 19 580 -336 -810 0 0 -1 0 1 0 1 0 0 3010.dat
1 19 580 -336 -760 1 0 0 0 1 0 0 0 1 3005.dat
1 19 560 -336 -840 1 0 0 0 1 0 0 0 1 3005.dat
1 19 570 -336 -860 1 0 0 0 1 0 0 0 1 3004.dat
1 19 550 -336 -810 1 0 0 0 1 0 0 0 1 3003.dat
1 19 540 -336 -780 1 0 0 0 1 0 0 0 1 3622.dat
1 19 560 -336 -740 1 0 0 0 1 0 0 0 1 3005.dat
1 19 560 -336 -880 1 0 0 0 1 0 0 0 1 3005.dat
1 19 530 -336 -760 1 0 0 0 1 0 0 0 1 3010.dat
0 STEP
1 19 840 -336 -820 1 0 0 0 1 0 0 0 1 3622.dat
1 19 830 -336 -800 1 0 0 0 1 0 0 0 1 3009.dat
1 19 830 -336 -770 1 0 0 0 1 0 0 0 1 3007.dat
1 19 790 -336 -740 1 0 0 0 1 0 0 0 1 3010.dat
1 19 810 -336 -720 1 0 0 0 1 0 0 0 1 3004.dat
1 19 870 -336 -730 1 0 0 0 1 0 0 0 1 3001.dat
1 19 830 -336 -690 1 0 0 0 1 0 0 0 1 3001.dat
1 19 880 -336 -690 0 0 -1 0 1 0 1 0 0 3004.dat
1 19 790 -336 -660 1 0 0 0 1 0 0 0 1 3009.dat
1 19 750 -336 -680 1 0 0 0 1 0 0 0 1 3010.dat
1 19 810 -336 -640 1 0 0 0 1 0 0 0 1 3010.dat
1 19 820 -336 -610 1 0 0 0 1 0 0 0 1 3002.dat
1 19 830 -336 -570 1 0 0 0 1 0 0 0 1 3001.dat
1 19 830 -336 -530 1 0 0 0 1 0 0 0 1 3001.dat
1 19 830 -336 -490 1 0 0 0 1 0 0 0 1 3001.dat
1 19 830 -336 -460 1 0 0 0 1 0 0 0 1 3010.dat
1 19 800 -336 -440 1 0 0 0 1 0 0 0 1 3005.dat
1 19 850 -336 -440 1 0 0 0 1 0 0 0 1 3010.dat
1 19 830 -336 -420 1 0 0 0 1 0 0 0 1 3010.dat
1 19 880 -336 -420 1 0 0 0 1 0 0 0 1 3005.dat
0 STEP
1 19 420 -336 -740 1 0 0 0 1 0 0 0 1 3622.dat
1 19 390 -336 -720 1 0 0 0 1 0 0 0 1 3004.dat
1 19 380 -336 -680 0 0 -1 0 1 0 1 0 0 3622.dat
1 19 450 -336 -680 1 0 0 0 1 0 0 0 1 3009.dat
1 19 470 -336 -700 1 0 0 0 1 0 0 0 1 3008.dat
1 19 470 -336 -660 1 0 0 0 1 0 0 0 1 3008.dat
1 19 490 -336 -720 1 0 0 0 1 0 0 0 1 3008.dat
1 19 450 -336 -630 1 0 0 0 1 0 0 0 1 3007.dat
1 19 510 -336 -740 1 0 0 0 1 0 0 0 1 3010.dat
1 19 450 -336 -600 1 0 0 0 1 0 0 0 1 3009.dat
1 19 520 -336 -600 1 0 0 0 1 0 0 0 1 3005.dat
1 19 490 -336 -570 1 0 0 0 1 0 0 0 1 3001.dat
1 19 490 -336 -530 1 0 0 0 1 0 0 0 1 3001.dat
1 19 490 -336 -490 1 0 0 0 1 0 0 0 1 3001.dat
1 19 490 -336 -450 1 0 0 0 1 0 0 0 1 3001.dat
1 19 440 -336 -430 0 0 -1 0 1 0 1 0 0 3004.dat
1 19 490 -336 -420 1 0 0 0 1 0 0 0 1 3010.dat
1 19 470 -336 -400 1 0 0 0 1 0 0 0 1 3010.dat
1 19 420 -336 -400 1 0 0 0 1 0 0 0 1 3005.dat
1 19 450 -336 -370 1 0 0 0 1 0 0 0 1 3001.dat
0 STEP
1 19 820 -336 -400 1 0 0 0 1 0 0 0 1 3005.dat
1 19 850 -336 -380 1 0 0 0 1 0 0 0 1 3010.dat
1 19 870 -336 -400 1 0 0 0 1 0 0 0 1 3010.dat
1 19 870 -336 -350 1 0 0 0 1 0 0 0 1 3001.dat
1 19 900 -336 -380 1 0 0 0 1 0 0 0 1 3005.dat
1 19 860 -336 -310 1 0 0 0 1 0 0 0 1 3002.dat
1 19 850 -336 -270 1 0 0 0 1 0 0 0 1 3001.dat
1 19 840 -336 -240 1 0 0 0 1 0 0 0 1 3622.dat
1 19 830 -336 -210 1 0 0 0 1 0 0 0 1 3001.dat
1 19 820 -336 -180 1 0 0 0 1 0 0 0 1 3622.dat
1 19 810 -336 -160 1 0 0 0 1 0 0 0 1 3010.dat
1 19 820 -336 -140 1 0 0 0 1 0 0 0 1 3005.dat
1 19 770 -336 -140 1 0 0 0 1 0 0 0 1 3010.dat
1 19 750 -336 -120 1 0 0 0 1 0 0 0 1 3009.dat
1 19 750 -336 -100 1 0 0 0 1 0 0 0 1 3010.dat
1 19 730 -336 -80 1 0 0 0 1 0 0 0 1 3010.dat
1 19 700 -336 -100 1 0 0 0 1 0 0 0 1 3005.dat
1 7 680 -336 -90 0 0 -1 0 1 0 1 0 0 3010.dat
1 7 700 -336 -60 1 0 0 0 1 0 0 0 1 3005.dat
1 7 660 -336 -80 0 0 -1 0 1 0 1 0 0 3622.dat
0 STEP
1 19 450 -336 -340 1 0 0 0 1 0 0 0 1 3010.dat
1 19 460 -336 -310 1 0 0 0 1 0 0 0 1 3002.dat
1 19 470 -336 -270 1 0 0 0 1 0 0 0 1 3001.dat
1 19 480 -336 -240 1 0 0 0 1 0 0 0 1 3622.dat
1 19 490 -336 -210 1 0 0 0 1 0 0 0 1 3001.dat
1 19 500 -336 -180 1 0 0 0 1 0 0 0 1 3622.dat
1 19 510 -336 -160 1 0 0 0 1 0 0 0 1 3010.dat
1 19 530 -336 -140 1 0 0 0 1 0 0 0 1 3010.dat
1 19 530 -336 -120 1 0 0 0 1 0 0 0 1 3004.dat
1 19 580 -336 -140 1 0 0 0 1 0 0 0 1 3005.dat
1 19 580 -336 -120 1 0 0 0 1 0 0 0 1 3622.dat
1 19 570 -336 -100 1 0 0 0 1 0 0 0 1 3010.dat
1 19 580 -336 -80 1 0 0 0 1 0 0 0 1 3622.dat
1 7 630 -336 -90 0 0 -1 0 1 0 1 0 0 3001.dat
0 STEP
1 19 680 -360 -850 0 0 -1 0 1 0 1 0 0 3008.dat
1 19 660 -360 -830 0 0 -1 0 1 0 1 0 0 3009.dat
1 19 700 -360 -830 0 0 -1 0 1 0 1 0 0 3010.dat
1 19 730 -360 -810 0 0 -1 0 1 0 1 0 0 3001.dat
1 19 700 -360 -780 0 0 -1 0 1 0 1 0 0 3005.dat
1 19 630 -360 -810 0 0 -1 0 1 0 1 0 0 3001.dat
1 19 740 -360 -760 0 0 -1 0 1 0 1 0 0 3005.dat
1 19 770 -360 -790 0 0 -1 0 1 0 1 0 0 3001.dat
1 19 600 -360 -810 0 0 -1 0 1 0 1 0 0 3010.dat
1 19 580 -360 -830 0 0 -1 0 1 0 1 0 0 3009.dat
1 19 560 -360 -790 0 0 -1 0 1 0 1 0 0 3010.dat
1 19 560 -360 -860 0 0 -1 0 1 0 1 0 0 3622.dat
1 19 560 -360 -740 0 0 -1 0 1 0 1 0 0 3005.dat
1 19 540 -360 -770 0 0 -1 0 1 0 1 0 0 3009.dat
1 19 520 -360 -750 0 0 -1 0 1 0 1 0 0 3009.dat
1 19 500 -360 -750 0 0 -1 0 1 0 1 0 0 3010.dat
1 19 500 -360 -700 0 0 -1 0 1 0 1 0 0 3005.dat
1 19 780 -360 -740 0 0 -1 0 1 0 1 0 0 3005.dat
1 19 800 -360 -770 0 0 -1 0 1 0 1 0 0 3010.dat
1 19 820 -360 -730 0 0 -1 0 1 0 1 0 0 3008.dat
0 STEP
1 19 420 -360 -740 0 0 -1 0 1 0 1 0 0 3622.dat
1 19 440 -360 -730 0 0 -1 0 1 0 1 0 0 3010.dat
1 19 400 -360 -730 0 0 -1 0 1 0 1 0 0 3004.dat
1 19 380 -360 -720 0 0 -1 0 1 0 1 0 0 3005.dat
1 19 390 -360 -690 1 0 0 0 1 0 0 0 1 3001.dat
1 19 460 -360 -710 0 0 -1 0 1 0 1 0 0 3010.dat
1 19 390 -360 -650 1 0 0 0 1 0 0 0 1 3001.dat
1 19 480 -360 -670 0 0 -1 0 1 0 1 0 0 3008.dat
1 19 440 -360 -620 0 0 -1 0 1 0 1 0 0 3622.dat
1 19 410 -360 -610 0 0 -1 0 1 0 1 0 0 3003.dat
1 19 380 -360 -620 0 0 -1 0 1 0 1 0 0 3005.dat
1 19 460 -360 -610 0 0 -1 0 1 0 1 0 0 3009.dat
1 19 480 -360 -560 0 0 -1 0 1 0 1 0 0 3622.dat
1 19 500 -360 -570 0 0 -1 0 1 0 1 0 0 3008.dat
1 19 420 -360 -540 1 0 0 0 1 0 0 0 1 3005.dat
1 19 460 -360 -540 0 0 -1 0 1 0 1 0 0 3005.dat
1 19 450 -360 -510 1 0 0 0 1 0 0 0 1 3001.dat
1 19 450 -360 -480 1 0 0 0 1 0 0 0 1 3010.dat
1 19 500 -360 -470 0 0 -1 0 1 0 1 0 0 3004.dat
1 19 470 -360 -390 0 0 -1 0 1 0 1 0 0 3007.dat
0 STEP
1 19 860 -360 -790 0 0 -1 0 1 0 1 0 0 3009.dat
1 19 840 -360 -790 0 0 -1 0 1 0 1 0 0 3010.dat
1 19 880 -360 -750 0 0 -1 0 1 0 1 0 0 3009.dat
1 19 900 -360 -730 0 0 -1 0 1 0 1 0 0 3009.dat
1 19 880 -360 -680 0 0 -1 0 1 0 1 0 0 3005.dat
1 19 860 -360 -670 0 0 -1 0 1 0 1 0 0 3009.dat
1 19 840 -360 -650 0 0 -1 0 1 0 1 0 0 3008.dat
1 19 800 -360 -650 0 0 -1 0 1 0 1 0 0 3010.dat
1 19 800 -360 -600 0 0 -1 0 1 0 1 0 0 3005.dat
1 19 860 -360 -570 0 0 -1 0 1 0 1 0 0 3010.dat
1 19 820 -360 -570 0 0 -1 0 1 0 1 0 0 3008.dat
1 19 840 -360 -490 0 0 -1 0 1 0 1 0 0 3008.dat
1 19 820 -360 -460 0 0 -1 0 1 0 1 0 0 3622.dat
1 19 860 -360 -450 0 0 -1 0 1 0 1 0 0 3008.dat
1 19 800 -360 -410 0 0 -1 0 1 0 1 0 0 3004.dat
1 19 820 -360 -370 0 0 -1 0 1 0 1 0 0 3009.dat
1 19 880 -360 -350 0 0 -1 0 1 0 1 0 0 3009.dat
1 19 840 -360 -330 0 0 -1 0 1 0 1 0 0 3008.dat
1 19 860 -360 -290 0 0 -1 0 1 0 1 0 0 3008.dat
1 19 880 -360 -280 0 0 -1 0 1 0 1 0 0 3005.dat
0 STEP
1 19 500 -360 -370 0 0 -1 0 1 0 1 0 0 3008.dat
1 19 440 -360 -350 0 0 -1 0 1 0 1 0 0 3009.dat
1 19 440 -360 -280 0 0 -1 0 1 0 1 0 0 3005.dat
1 19 460 -360 -270 0 0 -1 0 1 0 1 0 0 3010.dat
1 19 480 -360 -250 0 0 -1 0 1 0 1 0 0 3009.dat
1 19 460 -360 -220 0 0 -1 0 1 0 1 0 0 3005.dat
1 19 500 -360 -210 0 0 -1 0 1 0 1 0 0 3008.dat
1 19 520 -360 -210 0 0 -1 0 1 0 1 0 0 3010.dat
1 19 480 -360 -180 0 0 -1 0 1 0 1 0 0 3005.dat
1 19 540 -360 -150 0 0 -1 0 1 0 1 0 0 3010.dat
1 19 520 -360 -140 0 0 -1 0 1 0 1 0 0 3622.dat
1 19 560 -360 -130 0 0 -1 0 1 0 1 0 0 3010.dat
1 19 540 -360 -100 0 0 -1 0 1 0 1 0 0 3005.dat
1 19 580 -360 -120 0 0 -1 0 1 0 1 0 0 3622.dat
1 19 600 -360 -110 0 0 -1 0 1 0 1 0 0 3010.dat
1 19 580 -360 -80 0 0 -1 0 1 0 1 0 0 3005.dat
1 19 640 -360 -120 1 0 0 0 1 0 0 0 1 3622.dat
1 19 640 -360 -90 1 0 0 0 1 0 0 0 1 3002.dat
1 7 680 -360 -90 0 0 -1 0 1 0 1 0 0 3010.dat
1 19 700 -360 -110 0 0 -1 0 1 0 1 0 0 3010.dat
0 STEP
1 19 820 -360 -230 0 0 -1 0 1 0 1 0 0 3008.dat
1 19 800 -360 -210 0 0 -1 0 1 0 1 0 0 3010.dat
1 19 840 -360 -210 0 0 -1 0 1 0 1 0 0 3010.dat
1 19 820 -360 -140 0 0 -1 0 1 0 1 0 0 3005.dat
1 19 800 -360 -140 0 0 -1 0 1 0 1 0 0 3622.dat
1 19 780 -360 -150 0 0 -1 0 1 0 1 0 0 3010.dat
1 19 760 -360 -130 0 0 -1 0 1 0 1 0 0 3010.dat
1 19 730 -360 -110 0 0 -1 0 1 0 1 0 0 3001.dat
0 STEP
1 19 680 -384 -920 1 0 0 0 1 0 0 0 1 3005.dat
1 19 670 -384 -900 1 0 0 0 1 0 0 0 1 3004.dat
1 19 680 -384 -880 1 0 0 0 1 0 0 0 1 3622.dat
1 19 670 -384 -860 1 0 0 0 1 0 0 0 1 3008.dat
1 19 680 -384 -840 1 0 0 0 1 0 0 0 1 3005.dat
1 19 670 -384 -820 1 0 0 0 1 0 0 0 1 3008.dat
1 19 630 -384 -840 1 0 0 0 1 0 0 0 1 3010.dat
1 19 730 -384 -840 1 0 0 0 1 0 0 0 1 3010.dat
1 19 680 -384 -800 1 0 0 0 1 0 0 0 1 3005.dat
1 19 580 -384 -870 0 0 -1 0 1 0 1 0 0 3010.dat
1 19 590 -384 -800 1 0 0 0 1 0 0 0 1 3008.dat
1 19 600 -384 -780 1 0 0 0 1 0 0 0 1 3005.dat
1 19 560 -384 -880 0 0 -1 0 1 0 1 0 0 3622.dat
1 19 550 -384 -840 1 0 0 0 1 0 0 0 1 3004.dat
1 19 550 -384 -820 1 0 0 0 1 0 0 0 1 3010.dat
1 19 560 -384 -760 1 0 0 0 1 0 0 0 1 3005.dat
1 19 530 -384 -780 1 0 0 0 1 0 0 0 1 3010.dat
1 19 510 -384 -760 1 0 0 0 1 0 0 0 1 3010.dat
1 19 520 -384 -720 1 0 0 0 1 0 0 0 1 3005.dat
1 19 490 -384 -740 1 0 0 0 1 0 0 0 1 3009.dat
0 STEP
1 19 880 -384 -840 1 0 0 0 1 0 0 0 1 3622.dat
1 19 850 -384 -820 1 0 0 0 1 0 0 0 1 3004.dat
1 19 880 -384 -790 0 0 -1 0 1 0 1 0 0 3010.dat
1 19 860 -384 -780 1 0 0 0 1 0 0 0 1 3005.dat
1 19 900 -384 -770 0 0 -1 0 1 0 1 0 0 3004.dat
1 19 880 -384 -740 1 0 0 0 1 0 0 0 1 3622.dat
1 19 870 -384 -720 1 0 0 0 1 0 0 0 1 3004.dat
1 19 810 -384 -760 1 0 0 0 1 0 0 0 1 3009.dat
1 19 810 -384 -740 1 0 0 0 1 0 0 0 1 3004.dat
1 19 790 -384 -780 1 0 0 0 1 0 0 0 1 3009.dat
1 19 790 -384 -800 1 0 0 0 1 0 0 0 1 3008.dat
1 19 850 -384 -690 1 0 0 0 1 0 0 0 1 3001.dat
1 19 770 -384 -820 1 0 0 0 1 0 0 0 1 3004.dat
1 19 840 -384 -660 1 0 0 0 1 0 0 0 1 3622.dat
1 19 900 -384 -670 0 0 -1 0 1 0 1 0 0 3009.dat
1 19 840 -384 -630 1 0 0 0 1 0 0 0 1 3002.dat
1 19 940 -384 -660 1 0 0 0 1 0 0 0 1 3622.dat
1 19 920 -384 -630 0 0 -1 0 1 0 1 0 0 3004.dat
1 19 870 -384 -600 1 0 0 0 1 0 0 0 1 3009.dat
1 19 870 -384 -570 1 0 0 0 1 0 0 0 1 2456.dat
0 STEP
1 19 400 -384 -730 0 0 -1 0 1 0 1 0 0 3009.dat
1 19 380 -384 -720 1 0 0 0 1 0 0 0 1 3005.dat
1 19 370 -384 -700 1 0 0 0 1 0 0 0 1 3004.dat
1 19 380 -384 -680 1 0 0 0 1 0 0 0 1 3005.dat
1 19 400 -384 -660 1 0 0 0 1 0 0 0 1 3005.dat
1 19 360 -384 -650 0 0 -1 0 1 0 1 0 0 3010.dat
1 19 380 -384 -630 0 0 -1 0 1 0 1 0 0 3010.dat
1 19 450 -384 -700 1 0 0 0 1 0 0 0 1 3010.dat
1 19 460 -384 -680 1 0 0 0 1 0 0 0 1 3005.dat
1 19 450 -384 -640 1 0 0 0 1 0 0 0 1 3004.dat
1 19 410 -384 -610 0 0 -1 0 1 0 1 0 0 3001.dat
1 19 460 -384 -620 1 0 0 0 1 0 0 0 1 3622.dat
1 19 470 -384 -720 1 0 0 0 1 0 0 0 1 3010.dat
1 19 420 -384 -750 0 0 -1 0 1 0 1 0 0 3010.dat
1 19 440 -384 -760 1 0 0 0 1 0 0 0 1 3005.dat
1 19 500 -384 -700 1 0 0 0 1 0 0 0 1 3005.dat
1 19 470 -384 -590 1 0 0 0 1 0 0 0 1 3001.dat
1 19 400 -384 -560 1 0 0 0 1 0 0 0 1 3005.dat
1 19 450 -384 -560 1 0 0 0 1 0 0 0 1 3010.dat
1 19 450 -384 -540 1 0 0 0 1 0 0 0 1 3009.dat
0 STEP
1 19 500 -384 -560 1 0 0 0 1 0 0 0 1 3005.dat
1 19 470 -384 -520 1 0 0 0 1 0 0 0 1 3010.dat
1 19 460 -384 -490 1 0 0 0 1 0 0 0 1 3002.dat
1 19 470 -384 -460 1 0 0 0 1 0 0 0 1 3010.dat
1 19 420 -384 -470 0 0 -1 0 1 0 1 0 0 3009.dat
1 19 470 -384 -430 1 0 0 0 1 0 0 0 1 3001.dat
1 19 450 -384 -390 1 0 0 0 1 0 0 0 1 3001.dat
1 19 500 -384 -370 0 0 -1 0 1 0 1 0 0 3010.dat
1 19 450 -384 -350 1 0 0 0 1 0 0 0 1 3001.dat
1 19 470 -384 -320 1 0 0 0 1 0 0 0 1 3010.dat
1 19 480 -384 -290 1 0 0 0 1 0 0 0 1 3002.dat
1 19 490 -384 -250 1 0 0 0 1 0 0 0 1 3001.dat
1 19 500 -384 -220 1 0 0 0 1 0 0 0 1 3622.dat
1 19 510 -384 -190 1 0 0 0 1 0 0 0 1 3001.dat
1 19 500 -384 -160 1 0 0 0 1 0 0 0 1 3005.dat
1 19 550 -384 -160 1 0 0 0 1 0 0 0 1 3010.dat
1 19 570 -384 -140 1 0 0 0 1 0 0 0 1 3009.dat
1 19 610 -384 -120 1 0 0 0 1 0 0 0 1 3008.dat
1 19 630 -384 -100 1 0 0 0 1 0 0 0 1 3008.dat
1 19 690 -384 -140 1 0 0 0 1 0 0 0 1 3009.dat
0 STEP
1 19 820 -384 -510 0 0 -1 0 1 0 1 0 0 3010.dat
1 19 870 -384 -490 1 0 0 0 1 0 0 0 1 3001.dat
1 19 870 -384 -530 1 0 0 0 1 0 0 0 1 3001.dat
1 19 870 -384 -450 1 0 0 0 1 0 0 0 1 3001.dat
1 19 870 -384 -410 1 0 0 0 1 0 0 0 1 3001.dat
1 19 820 -384 -390 0 0 -1 0 1 0 1 0 0 3008.dat
1 19 870 -384 -370 1 0 0 0 1 0 0 0 1 3001.dat
1 19 870 -384 -330 1 0 0 0 1 0 0 0 1 3001.dat
1 19 840 -384 -290 1 0 0 0 1 0 0 0 1 3002.dat
1 19 830 -384 -250 1 0 0 0 1 0 0 0 1 3001.dat
1 19 820 -384 -220 1 0 0 0 1 0 0 0 1 3622.dat
1 19 810 -384 -190 1 0 0 0 1 0 0 0 1 3001.dat
1 19 820 -384 -160 1 0 0 0 1 0 0 0 1 3005.dat
1 19 770 -384 -160 1 0 0 0 1 0 0 0 1 3010.dat
1 19 780 -384 -140 1 0 0 0 1 0 0 0 1 3622.dat
1 19 780 -384 -120 1 0 0 0 1 0 0 0 1 3005.dat
1 19 730 -384 -120 1 0 0 0 1 0 0 0 1 3010.dat
1 19 740 -384 -100 1 0 0 0 1 0 0 0 1 3622.dat
1 19 700 -384 -80 1 0 0 0 1 0 0 0 1 3005.dat
1 19 650 -384 -80 1 0 0 0 1 0 0 0 1 3010.dat
0 STEP
1 19 680 -408 -910 0 0 -1 0 1 0 1 0 0 3010.dat
1 19 700 -408 -870 0 0 -1 0 1 0 1 0 0 3010.dat
1 19 660 -408 -850 0 0 -1 0 1 0 1 0 0 3009.dat
1 19 680 -408 -840 0 0 -1 0 1 0 1 0 0 3622.dat
1 19 640 -408 -840 0 0 -1 0 1 0 1 0 0 3622.dat
1 19 700 -408 -820 0 0 -1 0 1 0 1 0 0 3005.dat
1 19 720 -408 -840 0 0 -1 0 1 0 1 0 0 3622.dat
1 19 750 -408 -830 0 0 -1 0 1 0 1 0 0 3001.dat
1 19 610 -408 -830 0 0 -1 0 1 0 1 0 0 3001.dat
1 19 760 -408 -780 0 0 -1 0 1 0 1 0 0 3005.dat
1 19 780 -408 -810 0 0 -1 0 1 0 1 0 0 3010.dat
1 19 800 -408 -790 0 0 -1 0 1 0 1 0 0 3010.dat
1 19 780 -408 -760 0 0 -1 0 1 0 1 0 0 3005.dat
1 19 820 -408 -780 0 0 -1 0 1 0 1 0 0 3622.dat
1 19 840 -408 -770 0 0 -1 0 1 0 1 0 0 3004.dat
1 19 860 -408 -840 0 0 -1 0 1 0 1 0 0 3005.dat
1 19 860 -408 -750 0 0 -1 0 1 0 1 0 0 3010.dat
1 19 890 -408 -810 1 0 0 0 1 0 0 0 1 2456.dat
1 19 820 -408 -680 0 0 -1 0 1 0 1 0 0 3005.dat
1 19 910 -408 -840 1 0 0 0 1 0 0 0 1 3010.dat
0 STEP
1 19 560 -408 -850 0 0 -1 0 1 0 1 0 0 3008.dat
1 19 540 -408 -840 0 0 -1 0 1 0 1 0 0 3005.dat
1 19 580 -408 -820 0 0 -1 0 1 0 1 0 0 3622.dat
1 19 540 -408 -790 0 0 -1 0 1 0 1 0 0 3010.dat
1 19 520 -408 -790 0 0 -1 0 1 0 1 0 0 3009.dat
1 19 500 -408 -770 0 0 -1 0 1 0 1 0 0 3010.dat
1 19 480 -408 -750 0 0 -1 0 1 0 1 0 0 3010.dat
1 19 500 -408 -720 0 0 -1 0 1 0 1 0 0 3005.dat
1 19 440 -408 -760 0 0 -1 0 1 0 1 0 0 3005.dat
1 19 480 -408 -700 0 0 -1 0 1 0 1 0 0 3005.dat
1 19 460 -408 -710 0 0 -1 0 1 0 1 0 0 3010.dat
1 19 410 -408 -770 1 0 0 0 1 0 0 0 1 3003.dat
1 19 390 -408 -730 1 0 0 0 1 0 0 0 1 3001.dat
1 19 390 -408 -700 1 0 0 0 1 0 0 0 1 3009.dat
1 19 470 -408 -620 1 0 0 0 1 0 0 0 1 3004.dat
1 19 370 -408 -670 1 0 0 0 1 0 0 0 1 3001.dat
1 19 420 -408 -620 0 0 -1 0 1 0 1 0 0 3005.dat
1 19 380 -408 -630 1 0 0 0 1 0 0 0 1 3002.dat
1 19 440 -408 -590 0 0 -1 0 1 0 1 0 0 3009.dat
1 19 380 -408 -600 0 0 -1 0 1 0 1 0 0 3005.dat
0 STEP
1 19 910 -408 -730 0 0 -1 0 1 0 1 0 0 2456.dat
1 19 950 -408 -660 1 0 0 0 1 0 0 0 1 3010.dat
1 19 920 -408 -620 0 0 -1 0 1 0 1 0 0 3622.dat
1 19 890 -408 -610 0 0 -1 0 1 0 1 0 0 2456.dat
1 19 860 -408 -630 0 0 -1 0 1 0 1 0 0 3008.dat
1 19 840 -408 -670 0 0 -1 0 1 0 1 0 0 3010.dat
1 19 820 -408 -630 0 0 -1 0 1 0 1 0 0 3010.dat
1 19 920 -408 -570 0 0 -1 0 1 0 1 0 0 3004.dat
1 19 890 -408 -540 1 0 0 0 1 0 0 0 1 3010.dat
1 19 840 -408 -550 0 0 -1 0 1 0 1 0 0 3008.dat
1 19 900 -408 -520 0 0 -1 0 1 0 1 0 0 3005.dat
1 19 860 -408 -500 0 0 -1 0 1 0 1 0 0 3622.dat
1 19 880 -408 -450 0 0 -1 0 1 0 1 0 0 3008.dat
1 19 900 -408 -450 0 0 -1 0 1 0 1 0 0 3009.dat
1 19 850 -408 -390 0 0 -1 0 1 0 1 0 0 3007.dat
1 19 820 -408 -370 0 0 -1 0 1 0 1 0 0 3009.dat
1 19 900 -408 -330 0 0 -1 0 1 0 1 0 0 3009.dat
1 19 830 -408 -300 1 0 0 0 1 0 0 0 1 3010.dat
1 19 880 -408 -290 0 0 -1 0 1 0 1 0 0 3008.dat
1 19 830 -408 -280 1 0 0 0 1 0 0 0 1 3004.dat
0 STEP
1 19 580 -408 -890 0 0 -1 0 1 0 1 0 0 3010.dat
1 19 480 -408 -570 0 0 -1 0 1 0 1 0 0 3010.dat
1 19 400 -408 -580 0 0 -1 0 1 0 1 0 0 3622.dat
1 19 420 -408 -550 0 0 -1 0 1 0 1 0 0 3009.dat
1 19 460 -408 -530 0 0 -1 0 1 0 1 0 0 3008.dat
1 19 400 -408 -540 0 0 -1 0 1 0 1 0 0 3005.dat
1 19 440 -408 -450 0 0 -1 0 1 0 1 0 0 3008.dat
1 19 480 -408 -450 0 0 -1 0 1 0 1 0 0 3008.dat
1 19 500 -408 -380 0 0 -1 0 1 0 1 0 0 3005.dat
1 19 460 -408 -370 0 0 -1 0 1 0 1 0 0 3008.dat
1 19 420 -408 -370 0 0 -1 0 1 0 1 0 0 3008.dat
1 19 440 -408 -290 0 0 -1 0 1 0 1 0 0 3008.dat
1 19 490 -408 -290 0 0 -1 0 1 0 1 0 0 3007.dat
1 19 460 -408 -250 0 0 -1 0 1 0 1 0 0 3010.dat
1 19 520 -408 -250 0 0 -1 0 1 0 1 0 0 3010.dat
1 19 490 -408 -200 1 0 0 0 1 0 0 0 1 3010.dat
1 19 500 -408 -170 0 0 -1 0 1 0 1 0 0 3004.dat
1 19 540 -408 -170 0 0 -1 0 1 0 1 0 0 3009.dat
1 19 520 -408 -160 0 0 -1 0 1 0 1 0 0 3622.dat
1 19 560 -408 -150 0 0 -1 0 1 0 1 0 0 3010.dat
0 STEP
1 19 800 -408 -210 0 0 -1 0 1 0 1 0 0 3008.dat
1 19 820 -408 -210 0 0 -1 0 1 0 1 0 0 3009.dat
1 19 840 -408 -230 0 0 -1 0 1 0 1 0 0 3010.dat
1 19 860 -408 -250 0 0 -1 0 1 0 1 0 0 3010.dat
1 19 780 -408 -170 0 0 -1 0 1 0 1 0 0 3009.dat
1 19 760 -408 -150 0 0 -1 0 1 0 1 0 0 3010.dat
1 19 740 -408 -140 0 0 -1 0 1 0 1 0 0 3622.dat
1 19 720 -408 -130 0 0 -1 0 1 0 1 0 0 3010.dat
1 19 690 -408 -130 0 0 -1 0 1 0 1 0 0 3001.dat
1 19 650 -408 -130 0 0 -1 0 1 0 1 0 0 3001.dat
1 19 610 -408 -130 0 0 -1 0 1 0 1 0 0 3001.dat
1 19 580 -408 -140 0 0 -1 0 1 0 1 0 0 3622.dat
0 STEP
1 19 690 -432 -940 1 0 0 0 1 0 0 0 1 3004.dat
1 19 670 -432 -920 1 0 0 0 1 0 0 0 1 3004.dat
1 19 680 -432 -900 1 0 0 0 1 0 0 0 1 3622.dat
1 19 670 -432 -870 1 0 0 0 1 0 0 0 1 2456.dat
1 19 650 -432 -840 1 0 0 0 1 0 0 0 1 3008.dat
1 19 740 -432 -850 0 0 -1 0 1 0 1 0 0 3010.dat
1 19 720 -432 -820 1 0 0 0 1 0 0 0 1 3005.dat
1 19 760 -432 -840 0 0 -1 0 1 0 1 0 0 3622.dat
1 19 630 -432 -820 1 0 0 0 1 0 0 0 1 3009.dat
1 19 750 -432 -800 1 0 0 0 1 0 0 0 1 3004.dat
1 19 780 -432 -830 0 0 -1 0 1 0 1 0 0 3010.dat
1 19 800 -432 -810 0 0 -1 0 1 0 1 0 0 3010.dat
1 19 780 -432 -780 1 0 0 0 1 0 0 0 1 3005.dat
1 19 820 -432 -800 1 0 0 0 1 0 0 0 1 3005.dat
1 19 830 -432 -780 1 0 0 0 1 0 0 0 1 3004.dat
1 19 820 -432 -760 1 0 0 0 1 0 0 0 1 3622.dat
1 19 850 -432 -820 1 0 0 0 1 0 0 0 1 3010.dat
1 19 860 -432 -840 1 0 0 0 1 0 0 0 1 3005.dat
1 19 890 -432 -800 1 0 0 0 1 0 0 0 1 3009.dat
1 19 910 -432 -860 1 0 0 0 1 0 0 0 1 3010.dat
0 STEP
1 19 570 -432 -900 0 0 -1 0 1 0 1 0 0 3002.dat
1 19 570 -432 -860 1 0 0 0 1 0 0 0 1 3010.dat
1 19 540 -432 -840 1 0 0 0 1 0 0 0 1 3622.dat
1 19 530 -432 -820 1 0 0 0 1 0 0 0 1 3010.dat
1 19 560 -432 -800 1 0 0 0 1 0 0 0 1 3005.dat
1 19 510 -432 -800 1 0 0 0 1 0 0 0 1 3010.dat
1 19 540 -432 -780 1 0 0 0 1 0 0 0 1 3005.dat
1 19 600 -432 -800 1 0 0 0 1 0 0 0 1 3005.dat
1 19 490 -432 -770 1 0 0 0 1 0 0 0 1 3001.dat
1 19 450 -432 -740 1 0 0 0 1 0 0 0 1 3008.dat
1 19 430 -432 -720 1 0 0 0 1 0 0 0 1 3008.dat
1 19 390 -432 -780 1 0 0 0 1 0 0 0 1 3010.dat
1 19 390 -432 -760 1 0 0 0 1 0 0 0 1 3009.dat
1 19 430 -432 -700 1 0 0 0 1 0 0 0 1 3009.dat
1 19 339.999999999967 -432 -740.000000000033 1 0 0 0 1 0 0 0 1 2357.dat
1 19 360 -432 -700 1 0 0 0 1 0 0 0 1 3005.dat
1 19 380 -432 -670 1 0 0 0 1 0 0 0 1 3002.dat
1 19 340 -432 -680 0 0 1 0 1 0 -1 0 0 3622.dat
1 19 370 -432 -630 1 0 0 0 1 0 0 0 1 3001.dat
1 19 430 -432 -590 1 0 0 0 1 0 0 0 1 3001.dat
0 STEP
1 19 930 -432 -840 1 0 0 0 1 0 0 0 1 3010.dat
1 19 930 -432 -820 1 0 0 0 1 0 0 0 1 3010.dat
1 19 960 -432 -800 1 0 0 0 1 0 0 0 1 3005.dat
1 19 910 -432 -770 1 0 0 0 1 0 0 0 1 2456.dat
1 19 930 -432 -740 1 0 0 0 1 0 0 0 1 3010.dat
1 19 950 -432 -720 1 0 0 0 1 0 0 0 1 3004.dat
1 19 900 -432 -720 1 0 0 0 1 0 0 0 1 3622.dat
1 19 930 -432 -690 1 0 0 0 1 0 0 0 1 3001.dat
1 19 910 -432 -660 1 0 0 0 1 0 0 0 1 3008.dat
1 19 850 -432 -690 1 0 0 0 1 0 0 0 1 3003.dat
1 19 890 -432 -630 1 0 0 0 1 0 0 0 1 3001.dat
1 19 840 -432 -610 0 0 -1 0 1 0 1 0 0 3010.dat
1 19 890 -432 -590 1 0 0 0 1 0 0 0 1 3001.dat
1 19 890 -432 -550 1 0 0 0 1 0 0 0 1 3001.dat
1 19 890 -432 -520 1 0 0 0 1 0 0 0 1 3010.dat
1 19 880 -432 -500 1 0 0 0 1 0 0 0 1 3622.dat
1 19 870 -432 -480 1 0 0 0 1 0 0 0 1 3010.dat
1 19 860 -432 -450 1 0 0 0 1 0 0 0 1 3002.dat
1 19 860 -432 -410 1 0 0 0 1 0 0 0 1 3002.dat
1 19 860 -432 -370 1 0 0 0 1 0 0 0 1 3002.dat
0 STEP
1 19 380 -432 -600 1 0 0 0 1 0 0 0 1 3005.dat
1 19 430 -432 -550 1 0 0 0 1 0 0 0 1 3001.dat
1 19 430 -432 -520 1 0 0 0 1 0 0 0 1 3010.dat
1 19 450 -432 -500 1 0 0 0 1 0 0 0 1 3010.dat
1 19 460 -432 -470 1 0 0 0 1 0 0 0 1 3002.dat
1 19 460 -432 -430 1 0 0 0 1 0 0 0 1 3002.dat
1 19 460 -432 -390 1 0 0 0 1 0 0 0 1 3002.dat
1 19 460 -432 -350 1 0 0 0 1 0 0 0 1 3002.dat
1 19 460 -432 -320 1 0 0 0 1 0 0 0 1 3622.dat
1 19 470 -432 -300 1 0 0 0 1 0 0 0 1 3010.dat
1 19 490 -432 -270 1 0 0 0 1 0 0 0 1 3001.dat
1 19 440 -432 -260 0 0 -1 0 1 0 1 0 0 3622.dat
1 19 520 -432 -230 1 0 0 0 1 0 0 0 1 3002.dat
1 19 470 -432 -210 0 0 -1 0 1 0 1 0 0 3001.dat
1 19 520 -432 -200 1 0 0 0 1 0 0 0 1 3622.dat
1 19 500 -432 -180 1 0 0 0 1 0 0 0 1 3005.dat
1 19 510 -432 -160 1 0 0 0 1 0 0 0 1 3010.dat
1 19 590 -432 -180 1 0 0 0 1 0 0 0 1 3008.dat
1 19 530 -432 -140 1 0 0 0 1 0 0 0 1 3009.dat
1 19 610 -432 -160 1 0 0 0 1 0 0 0 1 3009.dat
0 STEP
1 19 860 -432 -340 1 0 0 0 1 0 0 0 1 3622.dat
1 19 850 -432 -310 1 0 0 0 1 0 0 0 1 3001.dat
1 19 850 -432 -280 1 0 0 0 1 0 0 0 1 3010.dat
1 19 800 -432 -290 0 0 -1 0 1 0 1 0 0 3004.dat
1 19 820 -432 -260 1 0 0 0 1 0 0 0 1 3622.dat
1 19 860 -432 -230 0 0 -1 0 1 0 1 0 0 3010.dat
1 19 880 -432 -240 0 0 -1 0 1 0 1 0 0 3622.dat
1 19 810 -432 -230 1 0 0 0 1 0 0 0 1 3001.dat
1 19 840 -432 -200 1 0 0 0 1 0 0 0 1 3005.dat
1 19 790 -432 -200 1 0 0 0 1 0 0 0 1 3010.dat
1 19 790 -432 -180 1 0 0 0 1 0 0 0 1 3008.dat
1 19 810 -432 -160 1 0 0 0 1 0 0 0 1 3010.dat
1 19 770 -432 -140 1 0 0 0 1 0 0 0 1 3009.dat
1 19 740 -432 -160 1 0 0 0 1 0 0 0 1 3622.dat
1 19 770 -432 -120 1 0 0 0 1 0 0 0 1 3010.dat
1 19 720 -432 -120 1 0 0 0 1 0 0 0 1 3005.dat
1 19 690 -432 -150 0 0 -1 0 1 0 1 0 0 3001.dat
1 19 640 -432 -120 1 0 0 0 1 0 0 0 1 3622.dat
1 19 630 -432 -140 1 0 0 0 1 0 0 0 1 3010.dat
1 19 600 -432 -100 1 0 0 0 1 0 0 0 1 3622.dat
1 19 550 -432 -120 1 0 0 0 1 0 0 0 1 3009.dat
0 STEP
1 19 680 -456 -930 0 0 -1 0 1 0 1 0 0 3010.dat
1 19 700 -456 -910 0 0 -1 0 1 0 1 0 0 3009.dat
1 19 660 -456 -890 0 0 -1 0 1 0 1 0 0 3010.dat
1 19 680 -456 -860 0 0 -1 0 1 0 1 0 0 3622.dat
1 19 720 -456 -870 0 0 -1 0 1 0 1 0 0 3010.dat
1 19 700 -456 -840 0 0 -1 0 1 0 1 0 0 3005.dat
1 19 660 -456 -840 0 0 -1 0 1 0 1 0 0 3005.dat
1 19 640 -456 -860 0 0 -1 0 1 0 1 0 0 3622.dat
1 19 750 -456 -850 0 0 -1 0 1 0 1 0 0 3001.dat
1 19 610 -456 -850 0 0 -1 0 1 0 1 0 0 3001.dat
1 19 570 -456 -840 0 0 -1 0 1 0 1 0 0 3002.dat
1 19 570 -456 -910 0 0 -1 0 1 0 1 0 0 3001.dat
1 19 540 -456 -850 0 0 -1 0 1 0 1 0 0 3010.dat
1 19 540 -456 -800 0 0 -1 0 1 0 1 0 0 3005.dat
1 19 520 -456 -810 0 0 -1 0 1 0 1 0 0 3009.dat
1 19 500 -456 -790 0 0 -1 0 1 0 1 0 0 3009.dat
1 19 790 -456 -830 0 0 -1 0 1 0 1 0 0 3001.dat
1 19 790 -456 -780 1 0 0 0 1 0 0 0 1 3004.dat
1 19 820 -456 -810 0 0 -1 0 1 0 1 0 0 3010.dat
1 19 820 -456 -760 0 0 -1 0 1 0 1 0 0 3005.dat
0 STEP
1 19 480 -456 -770 0 0 -1 0 1 0 1 0 0 3009.dat
1 19 460 -456 -750 0 0 -1 0 1 0 1 0 0 3010.dat
1 19 440 -456 -730 0 0 -1 0 1 0 1 0 0 3010.dat
1 19 410 -456 -750 0 0 -1 0 1 0 1 0 0 3001.dat
1 19 460 -456 -700 0 0 -1 0 1 0 1 0 0 3005.dat
1 19 380 -456 -750 0 0 -1 0 1 0 1 0 0 3010.dat
1 19 380 -456 -700 0 0 -1 0 1 0 1 0 0 3005.dat
1 19 360 -456 -710 0 0 -1 0 1 0 1 0 0 3008.dat
1 19 340 -456 -690 0 0 -1 0 1 0 1 0 0 3008.dat
1 19 380 -456 -640 0 0 -1 0 1 0 1 0 0 3622.dat
1 19 320 -456 -690 0 0 -1 0 1 0 1 0 0 3009.dat
1 19 360 -456 -620 0 0 -1 0 1 0 1 0 0 3005.dat
1 19 420 -456 -610 0 0 -1 0 1 0 1 0 0 3010.dat
1 19 400 -456 -590 0 0 -1 0 1 0 1 0 0 3008.dat
1 19 320 -456 -620 0 0 -1 0 1 0 1 0 0 3005.dat
1 19 420 -456 -560 0 0 -1 0 1 0 1 0 0 3005.dat
1 19 440 -456 -550 0 0 -1 0 1 0 1 0 0 3008.dat
1 19 420 -456 -510 0 0 -1 0 1 0 1 0 0 3010.dat
1 19 460 -456 -450 0 0 -1 0 1 0 1 0 0 3008.dat
1 19 480 -456 -430 0 0 -1 0 1 0 1 0 0 3008.dat
0 STEP
1 19 880 -456 -830 0 0 -1 0 1 0 1 0 0 3010.dat
1 19 860 -456 -810 0 0 -1 0 1 0 1 0 0 3010.dat
1 19 880 -456 -780 0 0 -1 0 1 0 1 0 0 3005.dat
1 19 900 -456 -790 0 0 -1 0 1 0 1 0 0 3008.dat
1 19 840 -456 -790 0 0 -1 0 1 0 1 0 0 3010.dat
1 19 930 -456 -790 0 0 -1 0 1 0 1 0 0 3007.dat
1 19 960 -456 -770 0 0 -1 0 1 0 1 0 0 3008.dat
1 19 940 -456 -680 0 0 -1 0 1 0 1 0 0 3622.dat
1 19 960 -456 -670 0 0 -1 0 1 0 1 0 0 3004.dat
1 19 860 -456 -650 0 0 -1 0 1 0 1 0 0 3010.dat
1 19 980 -456 -660 0 0 -1 0 1 0 1 0 0 3005.dat
1 19 910 -456 -630 0 0 -1 0 1 0 1 0 0 3007.dat
1 19 880 -456 -610 0 0 -1 0 1 0 1 0 0 3008.dat
1 19 860 -456 -600 0 0 -1 0 1 0 1 0 0 3005.dat
1 19 920 -456 -530 0 0 -1 0 1 0 1 0 0 3004.dat
1 19 900 -456 -510 0 0 -1 0 1 0 1 0 0 3010.dat
1 19 870 -456 -450 0 0 -1 0 1 0 1 0 0 3007.dat
1 19 840 -456 -410 0 0 -1 0 1 0 1 0 0 3008.dat
1 19 880 -456 -330 0 0 -1 0 1 0 1 0 0 3010.dat
1 19 820 -456 -310 0 0 -1 0 1 0 1 0 0 3010.dat
0 STEP
1 19 860 -456 -290 0 0 -1 0 1 0 1 0 0 3008.dat
1 19 880 -456 -280 0 0 -1 0 1 0 1 0 0 3005.dat
1 19 840 -456 -250 0 0 -1 0 1 0 1 0 0 3008.dat
1 19 860 -456 -200 0 0 -1 0 1 0 1 0 0 3005.dat
1 19 820 -456 -210 0 0 -1 0 1 0 1 0 0 3009.dat
1 19 800 -456 -190 0 0 -1 0 1 0 1 0 0 3008.dat
1 19 840 -456 -160 0 0 -1 0 1 0 1 0 0 3005.dat
1 19 820 -456 -140 0 0 -1 0 1 0 1 0 0 3005.dat
0 STEP
1 19 440 -456 -390 0 0 -1 0 1 0 1 0 0 3008.dat
1 19 440 -456 -300 0 0 -1 0 1 0 1 0 0 3005.dat
1 19 460 -456 -290 0 0 -1 0 1 0 1 0 0 3008.dat
1 19 500 -456 -290 0 0 -1 0 1 0 1 0 0 3009.dat
1 19 480 -456 -270 0 0 -1 0 1 0 1 0 0 3008.dat
1 19 500 -456 -190 0 0 -1 0 1 0 1 0 0 3010.dat
1 19 520 -456 -190 0 0 -1 0 1 0 1 0 0 3008.dat
1 19 480 -456 -170 0 0 -1 0 1 0 1 0 0 3004.dat
1 19 540 -456 -170 0 0 -1 0 1 0 1 0 0 3009.dat
1 19 500 -456 -140 0 0 -1 0 1 0 1 0 0 3005.dat
1 19 570 -456 -150 0 0 -1 0 1 0 1 0 0 3001.dat
1 19 610 -456 -150 0 0 -1 0 1 0 1 0 0 3001.dat
1 19 640 -456 -180 0 0 -1 0 1 0 1 0 0 3005.dat
1 19 600 -456 -100 1 0 0 0 1 0 0 0 1 3622.dat
1 19 640 -456 -130 0 0 -1 0 1 0 1 0 0 3010.dat
1 19 670 -456 -130 0 0 -1 0 1 0 1 0 0 3001.dat
1 19 690 -456 -180 1 0 0 0 1 0 0 0 1 3010.dat
1 19 710 -456 -130 0 0 -1 0 1 0 1 0 0 3001.dat
1 19 750 -456 -150 0 0 -1 0 1 0 1 0 0 3001.dat
1 19 780 -456 -170 0 0 -1 0 1 0 1 0 0 3009.dat
0 STEP
1 19 690 -480 -940 0 0 -1 0 1 0 1 0 0 3002.dat
1 19 710 -480 -900 1 0 0 0 1 0 0 0 1 3010.dat
1 19 660 -480 -900 1 0 0 0 1 0 0 0 1 3005.dat
1 19 730 -480 -870 1 0 0 0 1 0 0 0 1 3007.dat
1 19 670 -480 -840 1 0 0 0 1 0 0 0 1 3004.dat
1 19 630 -480 -870 0 0 -1 0 1 0 1 0 0 3001.dat
1 19 770 -480 -840 1 0 0 0 1 0 0 0 1 3009.dat
1 19 580 -480 -840 1 0 0 0 1 0 0 0 1 3622.dat
1 19 570 -480 -880 1 0 0 0 1 0 0 0 1 3010.dat
1 19 570 -480 -910 1 0 0 0 1 0 0 0 1 3003.dat
1 19 550 -480 -860 1 0 0 0 1 0 0 0 1 3009.dat
1 19 560 -480 -940 1 0 0 0 1 0 0 0 1 3622.dat
1 19 510 -480 -830 1 0 0 0 1 0 0 0 1 3001.dat
1 19 520 -480 -780 1 0 0 0 1 0 0 0 1 3005.dat
1 19 490 -480 -800 1 0 0 0 1 0 0 0 1 3010.dat
1 19 500 -480 -760 1 0 0 0 1 0 0 0 1 3005.dat
1 19 480 -480 -740 1 0 0 0 1 0 0 0 1 3005.dat
1 19 430 -480 -780 1 0 0 0 1 0 0 0 1 3008.dat
1 19 450 -480 -720 1 0 0 0 1 0 0 0 1 3010.dat
1 19 410 -480 -760 1 0 0 0 1 0 0 0 1 3008.dat
0 STEP
1 19 900 -480 -860 1 0 0 0 1 0 0 0 1 3622.dat
1 19 910 -480 -840 1 0 0 0 1 0 0 0 1 3009.dat
1 19 940 -480 -820 1 0 0 0 1 0 0 0 1 3622.dat
1 19 960 -480 -800 1 0 0 0 1 0 0 0 1 3622.dat
1 19 930 -480 -770 1 0 0 0 1 0 0 0 1 2456.dat
1 19 850 -480 -800 1 0 0 0 1 0 0 0 1 3008.dat
1 19 830 -480 -820 1 0 0 0 1 0 0 0 1 3008.dat
1 19 830 -480 -780 1 0 0 0 1 0 0 0 1 3010.dat
1 19 840 -480 -760 1 0 0 0 1 0 0 0 1 3005.dat
1 19 930 -480 -730 1 0 0 0 1 0 0 0 1 2456.dat
1 19 930 -480 -690 1 0 0 0 1 0 0 0 1 2456.dat
1 19 930 -480 -660 1 0 0 0 1 0 0 0 1 3009.dat
1 19 900 -480 -630 1 0 0 0 1 0 0 0 1 3002.dat
1 19 910 -480 -600 1 0 0 0 1 0 0 0 1 3010.dat
1 19 910 -480 -570 1 0 0 0 1 0 0 0 1 3001.dat
1 19 900 -480 -540 1 0 0 0 1 0 0 0 1 3622.dat
1 19 890 -480 -520 1 0 0 0 1 0 0 0 1 3010.dat
1 19 880 -480 -500 1 0 0 0 1 0 0 0 1 3622.dat
1 19 870 -480 -480 1 0 0 0 1 0 0 0 1 3010.dat
1 19 860 -480 -460 1 0 0 0 1 0 0 0 1 3622.dat
0 STEP
1 19 390 -480 -740 1 0 0 0 1 0 0 0 1 3008.dat
1 19 350 -480 -710 1 0 0 0 1 0 0 0 1 3001.dat
1 19 350 -480 -680 1 0 0 0 1 0 0 0 1 3010.dat
1 19 350 -480 -650 1 0 0 0 1 0 0 0 1 3001.dat
1 19 370 -480 -620 1 0 0 0 1 0 0 0 1 3009.dat
1 19 420 -480 -640 1 0 0 0 1 0 0 0 1 3005.dat
1 19 440 -480 -620 1 0 0 0 1 0 0 0 1 3005.dat
1 19 420 -480 -590 1 0 0 0 1 0 0 0 1 3002.dat
1 19 420 -480 -550 1 0 0 0 1 0 0 0 1 3002.dat
1 19 430 -480 -510 1 0 0 0 1 0 0 0 1 3001.dat
1 19 450 -480 -480 1 0 0 0 1 0 0 0 1 3010.dat
1 19 460 -480 -460 1 0 0 0 1 0 0 0 1 3622.dat
1 19 460 -480 -430 1 0 0 0 1 0 0 0 1 3002.dat
1 19 460 -480 -390 1 0 0 0 1 0 0 0 1 3002.dat
1 19 470 -480 -350 1 0 0 0 1 0 0 0 1 3001.dat
1 19 480 -480 -310 1 0 0 0 1 0 0 0 1 3002.dat
1 19 490 -480 -270 1 0 0 0 1 0 0 0 1 3001.dat
1 19 510 -480 -240 1 0 0 0 1 0 0 0 1 3010.dat
1 19 480 -480 -220 1 0 0 0 1 0 0 0 1 3005.dat
1 19 530 -480 -220 1 0 0 0 1 0 0 0 1 3010.dat
0 STEP
1 19 860 -480 -430 1 0 0 0 1 0 0 0 1 3002.dat
1 19 860 -480 -390 1 0 0 0 1 0 0 0 1 3002.dat
1 19 850 -480 -350 1 0 0 0 1 0 0 0 1 3001.dat
1 19 840 -480 -320 1 0 0 0 1 0 0 0 1 3622.dat
1 19 840 -480 -290 1 0 0 0 1 0 0 0 1 3002.dat
1 19 830 -480 -260 1 0 0 0 1 0 0 0 1 3010.dat
1 19 860 -480 -240 1 0 0 0 1 0 0 0 1 3005.dat
1 19 810 -480 -230 1 0 0 0 1 0 0 0 1 3001.dat
1 19 840 -480 -200 1 0 0 0 1 0 0 0 1 3005.dat
1 19 790 -480 -200 1 0 0 0 1 0 0 0 1 3010.dat
1 19 790 -480 -170 1 0 0 0 1 0 0 0 1 3001.dat
1 19 740 -480 -170 0 0 -1 0 1 0 1 0 0 3010.dat
1 19 770 -480 -140 1 0 0 0 1 0 0 0 1 3004.dat
1 19 690 -480 -170 1 0 0 0 1 0 0 0 1 3001.dat
1 19 730 -480 -120 1 0 0 0 1 0 0 0 1 3004.dat
1 19 700 -480 -140 1 0 0 0 1 0 0 0 1 3622.dat
1 19 630 -480 -120 1 0 0 0 1 0 0 0 1 3008.dat
1 19 590 -480 -140 1 0 0 0 1 0 0 0 1 3008.dat
1 19 570 -480 -170 1 0 0 0 1 0 0 0 1 3007.dat
1 19 530 -480 -200 1 0 0 0 1 0 0 0 1 3009.dat
0 STEP
1 19 700 -504 -960 1 0 0 0 1 0 0 0 1 3622.dat
1 19 690 -504 -940 1 0 0 0 1 0 0 0 1 3004.dat
1 19 690 -504 -890 0 0 -1 0 1 0 1 0 0 3001.dat
1 19 720 -504 -890 0 0 -1 0 1 0 1 0 0 3010.dat
1 19 660 -504 -880 0 0 -1 0 1 0 1 0 0 3622.dat
1 19 630 -504 -880 0 0 -1 0 1 0 1 0 0 3002.dat
1 19 750 -504 -870 0 0 -1 0 1 0 1 0 0 3001.dat
1 19 780 -504 -850 0 0 -1 0 1 0 1 0 0 3010.dat
1 19 800 -504 -880 0 0 -1 0 1 0 1 0 0 3005.dat
1 19 810 -504 -830 0 0 -1 0 1 0 1 0 0 3001.dat
1 19 590 -504 -870 0 0 -1 0 1 0 1 0 0 3001.dat
1 19 820 -504 -780 0 0 -1 0 1 0 1 0 0 3005.dat
1 19 850 -504 -810 0 0 -1 0 1 0 1 0 0 3001.dat
1 19 890 -504 -820 0 0 -1 0 1 0 1 0 0 3002.dat
1 19 920 -504 -810 0 0 -1 0 1 0 1 0 0 3010.dat
1 19 940 -504 -790 0 0 -1 0 1 0 1 0 0 3009.dat
1 19 960 -504 -820 0 0 -1 0 1 0 1 0 0 3005.dat
1 19 920 -504 -690 0 0 -1 0 1 0 1 0 0 3004.dat
1 19 970 -504 -730 0 0 -1 0 1 0 1 0 0 3007.dat
1 19 900 -504 -660 0 0 -1 0 1 0 1 0 0 3622.dat
0 STEP
1 19 550 -504 -940 1 0 0 0 1 0 0 0 1 3010.dat
1 19 560 -504 -920 1 0 0 0 1 0 0 0 1 3622.dat
1 19 550 -504 -870 0 0 -1 0 1 0 1 0 0 3001.dat
1 19 520 -504 -870 0 0 -1 0 1 0 1 0 0 3004.dat
1 19 500 -504 -860 0 0 -1 0 1 0 1 0 0 3005.dat
1 19 490 -504 -840 1 0 0 0 1 0 0 0 1 3010.dat
1 19 540 -504 -820 0 0 -1 0 1 0 1 0 0 3005.dat
1 19 520 -504 -810 0 0 -1 0 1 0 1 0 0 3004.dat
1 19 480 -504 -820 0 0 -1 0 1 0 1 0 0 3005.dat
1 19 500 -504 -800 0 0 -1 0 1 0 1 0 0 3622.dat
1 19 460 -504 -790 0 0 -1 0 1 0 1 0 0 3010.dat
1 19 480 -504 -770 0 0 -1 0 1 0 1 0 0 3010.dat
1 19 440 -504 -770 0 0 -1 0 1 0 1 0 0 3010.dat
1 19 460 -504 -740 0 0 -1 0 1 0 1 0 0 3005.dat
1 19 420 -504 -750 0 0 -1 0 1 0 1 0 0 3010.dat
1 19 400 -504 -760 0 0 -1 0 1 0 1 0 0 3622.dat
1 19 440 -504 -720 0 0 -1 0 1 0 1 0 0 3005.dat
1 19 380 -504 -750 0 0 -1 0 1 0 1 0 0 3010.dat
1 19 360 -504 -730 0 0 -1 0 1 0 1 0 0 3009.dat
1 19 420 -504 -640 0 0 -1 0 1 0 1 0 0 3005.dat
0 STEP
1 19 340 -504 -690 0 0 -1 0 1 0 1 0 0 3008.dat
1 19 320 -504 -690 0 0 -1 0 1 0 1 0 0 3009.dat
1 19 370 -504 -640 0 0 -1 0 1 0 1 0 0 3002.dat
1 19 400 -504 -610 0 0 -1 0 1 0 1 0 0 3009.dat
1 19 430 -504 -590 0 0 -1 0 1 0 1 0 0 3001.dat
1 19 410 -504 -530 1 0 0 0 1 0 0 0 1 3001.dat
1 19 400 -504 -500 0 0 -1 0 1 0 1 0 0 3005.dat
1 19 420 -504 -490 0 0 -1 0 1 0 1 0 0 3004.dat
1 19 460 -504 -500 0 0 -1 0 1 0 1 0 0 3005.dat
1 19 440 -504 -430 0 0 -1 0 1 0 1 0 0 3008.dat
1 19 470 -504 -410 0 0 -1 0 1 0 1 0 0 3007.dat
1 19 500 -504 -350 0 0 -1 0 1 0 1 0 0 3004.dat
1 19 490 -504 -320 1 0 0 0 1 0 0 0 1 3010.dat
1 19 460 -504 -300 0 0 -1 0 1 0 1 0 0 3005.dat
1 19 480 -504 -270 0 0 -1 0 1 0 1 0 0 3010.dat
1 19 520 -504 -270 0 0 -1 0 1 0 1 0 0 3010.dat
1 19 500 -504 -250 0 0 -1 0 1 0 1 0 0 3009.dat
1 19 540 -504 -210 0 0 -1 0 1 0 1 0 0 3009.dat
1 19 520 -504 -200 0 0 -1 0 1 0 1 0 0 3622.dat
1 19 560 -504 -190 0 0 -1 0 1 0 1 0 0 3009.dat
0 STEP
1 19 940 -504 -680 0 0 -1 0 1 0 1 0 0 3622.dat
1 19 880 -504 -630 0 0 -1 0 1 0 1 0 0 3010.dat
1 19 920 -504 -590 0 0 -1 0 1 0 1 0 0 3008.dat
1 19 940 -504 -580 0 0 -1 0 1 0 1 0 0 3622.dat
1 19 900 -504 -550 0 0 -1 0 1 0 1 0 0 3008.dat
1 19 880 -504 -540 0 0 -1 0 1 0 1 0 0 3622.dat
1 19 860 -504 -490 0 0 -1 0 1 0 1 0 0 3010.dat
1 19 840 -504 -470 0 0 -1 0 1 0 1 0 0 3004.dat
1 19 880 -504 -430 0 0 -1 0 1 0 1 0 0 3008.dat
1 19 850 -504 -370 0 0 -1 0 1 0 1 0 0 3007.dat
1 19 820 -504 -350 0 0 -1 0 1 0 1 0 0 3010.dat
1 19 820 -504 -300 0 0 -1 0 1 0 1 0 0 3005.dat
1 19 830 -504 -280 1 0 0 0 1 0 0 0 1 3010.dat
1 19 810 -504 -260 1 0 0 0 1 0 0 0 1 3010.dat
1 19 840 -504 -230 0 0 -1 0 1 0 1 0 0 3004.dat
1 19 790 -504 -240 1 0 0 0 1 0 0 0 1 3010.dat
1 19 770 -504 -220 1 0 0 0 1 0 0 0 1 3009.dat
1 19 820 -504 -200 0 0 -1 0 1 0 1 0 0 3005.dat
1 19 800 -504 -190 0 0 -1 0 1 0 1 0 0 3004.dat
1 19 770 -504 -180 0 0 -1 0 1 0 1 0 0 3002.dat
0 STEP
1 19 580 -504 -190 0 0 -1 0 1 0 1 0 0 3010.dat
1 19 610 -504 -170 0 0 -1 0 1 0 1 0 0 3001.dat
1 19 580 -504 -140 0 0 -1 0 1 0 1 0 0 3005.dat
1 19 650 -504 -170 0 0 -1 0 1 0 1 0 0 3001.dat
1 19 690 -504 -170 0 0 -1 0 1 0 1 0 0 3001.dat
1 19 730 -504 -170 0 0 -1 0 1 0 1 0 0 3001.dat
0 STEP
1 19 730 -528 -980 1 0 0 0 1 0 0 0 1 3004.dat
1 19 710 -528 -960 1 0 0 0 1 0 0 0 1 3010.dat
1 19 700 -528 -940 1 0 0 0 1 0 0 0 1 3622.dat
1 19 710 -528 -920 1 0 0 0 1 0 0 0 1 3010.dat
1 19 750 -528 -900 1 0 0 0 1 0 0 0 1 3010.dat
1 19 710 -528 -880 1 0 0 0 1 0 0 0 1 3008.dat
1 19 650 -528 -900 1 0 0 0 1 0 0 0 1 3009.dat
1 19 750 -528 -860 1 0 0 0 1 0 0 0 1 3010.dat
1 19 800 -528 -870 0 0 -1 0 1 0 1 0 0 3010.dat
1 19 780 -528 -830 0 0 -1 0 1 0 1 0 0 3004.dat
1 19 820 -528 -860 1 0 0 0 1 0 0 0 1 3005.dat
1 19 630 -528 -860 1 0 0 0 1 0 0 0 1 3009.dat
1 19 800 -528 -800 1 0 0 0 1 0 0 0 1 3005.dat
1 19 600 -528 -880 1 0 0 0 1 0 0 0 1 3622.dat
1 19 870 -528 -840 1 0 0 0 1 0 0 0 1 3009.dat
1 19 870 -528 -820 1 0 0 0 1 0 0 0 1 3008.dat
1 19 850 -528 -780 1 0 0 0 1 0 0 0 1 3004.dat
1 19 890 -528 -800 1 0 0 0 1 0 0 0 1 3008.dat
1 19 560 -528 -860 1 0 0 0 1 0 0 0 1 3005.dat
1 19 550 -528 -910 1 0 0 0 1 0 0 0 1 3001.dat
0 STEP
1 19 520 -528 -960 1 0 0 0 1 0 0 0 1 3005.dat
1 19 530 -528 -940 1 0 0 0 1 0 0 0 1 3010.dat
1 19 530 -528 -880 1 0 0 0 1 0 0 0 1 3010.dat
1 19 510 -528 -850 1 0 0 0 1 0 0 0 1 3001.dat
1 19 520 -528 -820 1 0 0 0 1 0 0 0 1 3005.dat
1 19 460 -528 -840 1 0 0 0 1 0 0 0 1 3005.dat
1 19 470 -528 -820 1 0 0 0 1 0 0 0 1 3010.dat
1 19 500 -528 -800 1 0 0 0 1 0 0 0 1 3005.dat
1 19 450 -528 -800 1 0 0 0 1 0 0 0 1 3010.dat
1 19 430 -528 -780 1 0 0 0 1 0 0 0 1 3009.dat
1 19 410 -528 -750 1 0 0 0 1 0 0 0 1 2456.dat
1 19 360 -528 -780 1 0 0 0 1 0 0 0 1 3005.dat
1 19 340 -528 -750 0 0 -1 0 1 0 1 0 0 3004.dat
1 19 350 -528 -720 1 0 0 0 1 0 0 0 1 3010.dat
1 19 340 -528 -690 1 0 0 0 1 0 0 0 1 3002.dat
1 19 370 -528 -660 1 0 0 0 1 0 0 0 1 3010.dat
1 19 370 -528 -640 1 0 0 0 1 0 0 0 1 3009.dat
1 19 410 -528 -620 1 0 0 0 1 0 0 0 1 3010.dat
1 19 320 -528 -660 1 0 0 0 1 0 0 0 1 3005.dat
1 19 360 -528 -620 1 0 0 0 1 0 0 0 1 3005.dat
0 STEP
1 19 950 -528 -770 1 0 0 0 1 0 0 0 1 3001.dat
1 19 950 -528 -730 1 0 0 0 1 0 0 0 1 3001.dat
1 19 950 -528 -690 1 0 0 0 1 0 0 0 1 3001.dat
1 19 950 -528 -660 1 0 0 0 1 0 0 0 1 3010.dat
1 19 900 -528 -660 1 0 0 0 1 0 0 0 1 3005.dat
1 19 910 -528 -640 1 0 0 0 1 0 0 0 1 3010.dat
1 19 900 -528 -620 1 0 0 0 1 0 0 0 1 3622.dat
1 19 910 -528 -600 1 0 0 0 1 0 0 0 1 3010.dat
1 19 920 -528 -580 1 0 0 0 1 0 0 0 1 3622.dat
1 19 910 -528 -560 1 0 0 0 1 0 0 0 1 3010.dat
1 19 900 -528 -540 1 0 0 0 1 0 0 0 1 3622.dat
1 19 890 -528 -520 1 0 0 0 1 0 0 0 1 3010.dat
1 19 880 -528 -500 1 0 0 0 1 0 0 0 1 3622.dat
1 19 870 -528 -480 1 0 0 0 1 0 0 0 1 3010.dat
1 19 860 -528 -450 1 0 0 0 1 0 0 0 1 3002.dat
1 19 860 -528 -420 1 0 0 0 1 0 0 0 1 3622.dat
1 19 850 -528 -400 1 0 0 0 1 0 0 0 1 3010.dat
1 19 840 -528 -370 1 0 0 0 1 0 0 0 1 3002.dat
1 19 840 -528 -340 1 0 0 0 1 0 0 0 1 3622.dat
1 19 830 -528 -310 1 0 0 0 1 0 0 0 1 3001.dat
0 STEP
1 19 420 -528 -590 1 0 0 0 1 0 0 0 1 3002.dat
1 19 410 -528 -550 1 0 0 0 1 0 0 0 1 3001.dat
1 19 410 -528 -520 1 0 0 0 1 0 0 0 1 3010.dat
1 19 430 -528 -500 1 0 0 0 1 0 0 0 1 3010.dat
1 19 450 -528 -480 1 0 0 0 1 0 0 0 1 3010.dat
1 19 460 -528 -450 1 0 0 0 1 0 0 0 1 3002.dat
1 19 460 -528 -410 1 0 0 0 1 0 0 0 1 3002.dat
1 19 460 -528 -380 1 0 0 0 1 0 0 0 1 3622.dat
1 19 470 -528 -360 1 0 0 0 1 0 0 0 1 3010.dat
1 19 490 -528 -340 1 0 0 0 1 0 0 0 1 3010.dat
1 19 500 -528 -310 1 0 0 0 1 0 0 0 1 3002.dat
1 19 510 -528 -280 1 0 0 0 1 0 0 0 1 3010.dat
1 19 480 -528 -260 1 0 0 0 1 0 0 0 1 3005.dat
1 19 530 -528 -260 1 0 0 0 1 0 0 0 1 3010.dat
1 19 510 -528 -220 1 0 0 0 1 0 0 0 1 3004.dat
1 19 570 -528 -240 1 0 0 0 1 0 0 0 1 3008.dat
1 19 520 -528 -200 1 0 0 0 1 0 0 0 1 3005.dat
1 19 540 -528 -180 1 0 0 0 1 0 0 0 1 3005.dat
1 19 610 -528 -220 1 0 0 0 1 0 0 0 1 3008.dat
1 19 590 -528 -200 1 0 0 0 1 0 0 0 1 3009.dat
0 STEP
1 19 810 -528 -280 1 0 0 0 1 0 0 0 1 3010.dat
1 19 790 -528 -260 1 0 0 0 1 0 0 0 1 3010.dat
1 19 820 -528 -240 1 0 0 0 1 0 0 0 1 3005.dat
1 19 840 -528 -260 1 0 0 0 1 0 0 0 1 3005.dat
1 19 800 -528 -220 1 0 0 0 1 0 0 0 1 3622.dat
1 19 730 -528 -240 1 0 0 0 1 0 0 0 1 3008.dat
1 19 730 -528 -220 1 0 0 0 1 0 0 0 1 3010.dat
1 19 730 -528 -200 1 0 0 0 1 0 0 0 1 3008.dat
1 19 710 -528 -180 1 0 0 0 1 0 0 0 1 3008.dat
1 19 690 -528 -160 1 0 0 0 1 0 0 0 1 3008.dat
1 19 590 -528 -180 1 0 0 0 1 0 0 0 1 3010.dat
1 19 580 -528 -160 1 0 0 0 1 0 0 0 1 3622.dat
0 STEP
1 19 740 -552 -980 1 0 0 0 1 0 0 0 1 3622.dat
1 19 730 -552 -960 1 0 0 0 1 0 0 0 1 3010.dat
1 19 710 -552 -910 0 0 -1 0 1 0 1 0 0 3001.dat
1 19 740 -552 -900 0 0 -1 0 1 0 1 0 0 3622.dat
1 19 760 -552 -890 0 0 -1 0 1 0 1 0 0 3010.dat
1 19 680 -552 -910 0 0 -1 0 1 0 1 0 0 3010.dat
1 19 680 -552 -860 0 0 -1 0 1 0 1 0 0 3005.dat
1 19 650 -552 -890 0 0 -1 0 1 0 1 0 0 3001.dat
1 19 790 -552 -870 0 0 -1 0 1 0 1 0 0 3001.dat
1 19 610 -552 -890 0 0 -1 0 1 0 1 0 0 3001.dat
1 19 820 -552 -850 0 0 -1 0 1 0 1 0 0 3010.dat
1 19 800 -552 -820 0 0 -1 0 1 0 1 0 0 3005.dat
1 19 840 -552 -830 0 0 -1 0 1 0 1 0 0 3010.dat
1 19 820 -552 -800 0 0 -1 0 1 0 1 0 0 3005.dat
1 19 860 -552 -810 0 0 -1 0 1 0 1 0 0 3010.dat
1 19 840 -552 -780 0 0 -1 0 1 0 1 0 0 3005.dat
1 19 880 -552 -820 0 0 -1 0 1 0 1 0 0 3622.dat
1 19 900 -552 -810 0 0 -1 0 1 0 1 0 0 3010.dat
1 19 920 -552 -790 0 0 -1 0 1 0 1 0 0 3009.dat
1 19 940 -552 -750 0 0 -1 0 1 0 1 0 0 3008.dat
0 STEP
1 19 510 -552 -940 1 0 0 0 1 0 0 0 1 3010.dat
1 19 530 -552 -920 1 0 0 0 1 0 0 0 1 3010.dat
1 19 560 -552 -940 0 0 -1 0 1 0 1 0 0 3005.dat
1 19 560 -552 -880 0 0 -1 0 1 0 1 0 0 3622.dat
1 19 580 -552 -890 0 0 -1 0 1 0 1 0 0 3010.dat
1 19 530 -552 -870 0 0 -1 0 1 0 1 0 0 3001.dat
1 19 500 -552 -850 0 0 -1 0 1 0 1 0 0 3010.dat
1 19 470 -552 -830 0 0 -1 0 1 0 1 0 0 3001.dat
1 19 480 -552 -780 0 0 -1 0 1 0 1 0 0 3005.dat
1 19 440 -552 -790 0 0 -1 0 1 0 1 0 0 3010.dat
1 19 460 -552 -770 0 0 -1 0 1 0 1 0 0 3004.dat
1 19 420 -552 -770 0 0 -1 0 1 0 1 0 0 3010.dat
1 19 400 -552 -760 0 0 -1 0 1 0 1 0 0 3622.dat
1 19 380 -552 -780 0 0 -1 0 1 0 1 0 0 3005.dat
1 19 380 -552 -730 0 0 -1 0 1 0 1 0 0 3010.dat
1 19 360 -552 -710 0 0 -1 0 1 0 1 0 0 3008.dat
1 19 340 -552 -710 0 0 -1 0 1 0 1 0 0 3009.dat
1 19 320 -552 -690 0 0 -1 0 1 0 1 0 0 3010.dat
1 19 380 -552 -640 0 0 -1 0 1 0 1 0 0 3622.dat
1 19 330 -552 -640 1 0 0 0 1 0 0 0 1 3004.dat
0 STEP
1 19 960 -552 -730 0 0 -1 0 1 0 1 0 0 3008.dat
1 19 980 -552 -710 0 0 -1 0 1 0 1 0 0 3009.dat
1 19 940 -552 -650 0 0 -1 0 1 0 1 0 0 3004.dat
1 19 920 -552 -610 0 0 -1 0 1 0 1 0 0 3008.dat
1 19 880 -552 -620 0 0 -1 0 1 0 1 0 0 3622.dat
1 19 900 -552 -590 0 0 -1 0 1 0 1 0 0 3008.dat
1 19 940 -552 -580 0 0 -1 0 1 0 1 0 0 3622.dat
1 19 920 -552 -520 0 0 -1 0 1 0 1 0 0 3005.dat
1 19 880 -552 -510 0 0 -1 0 1 0 1 0 0 3009.dat
1 19 900 -552 -490 0 0 -1 0 1 0 1 0 0 3004.dat
1 19 860 -552 -490 0 0 -1 0 1 0 1 0 0 3010.dat
1 19 840 -552 -460 0 0 -1 0 1 0 1 0 0 3622.dat
1 19 870 -552 -440 1 0 0 0 1 0 0 0 1 3004.dat
1 19 850 -552 -420 1 0 0 0 1 0 0 0 1 3010.dat
1 19 840 -552 -400 1 0 0 0 1 0 0 0 1 3622.dat
1 19 830 -552 -370 1 0 0 0 1 0 0 0 1 3001.dat
1 19 830 -552 -340 1 0 0 0 1 0 0 0 1 3010.dat
1 19 860 -552 -310 0 0 -1 0 1 0 1 0 0 3004.dat
1 19 810 -552 -310 1 0 0 0 1 0 0 0 1 3001.dat
1 19 790 -552 -280 1 0 0 0 1 0 0 0 1 3009.dat
0 STEP
1 19 400 -552 -590 0 0 -1 0 1 0 1 0 0 3008.dat
1 19 420 -552 -570 0 0 -1 0 1 0 1 0 0 3008.dat
1 19 440 -552 -590 0 0 -1 0 1 0 1 0 0 3010.dat
1 19 380 -552 -540 0 0 -1 0 1 0 1 0 0 3622.dat
1 19 360 -552 -620 0 0 -1 0 1 0 1 0 0 3005.dat
1 19 400 -552 -500 0 0 -1 0 1 0 1 0 0 3005.dat
1 19 420 -552 -480 0 0 -1 0 1 0 1 0 0 3005.dat
1 19 440 -552 -450 0 0 -1 0 1 0 1 0 0 3008.dat
1 19 460 -552 -430 0 0 -1 0 1 0 1 0 0 3008.dat
1 19 480 -552 -410 0 0 -1 0 1 0 1 0 0 3008.dat
1 19 440 -552 -360 0 0 -1 0 1 0 1 0 0 3005.dat
1 19 460 -552 -340 0 0 -1 0 1 0 1 0 0 3005.dat
1 19 500 -552 -350 0 0 -1 0 1 0 1 0 0 3004.dat
1 19 520 -552 -340 0 0 -1 0 1 0 1 0 0 3005.dat
1 19 510 -552 -320 1 0 0 0 1 0 0 0 1 3010.dat
1 19 480 -552 -300 0 0 -1 0 1 0 1 0 0 3005.dat
1 19 500 -552 -280 0 0 -1 0 1 0 1 0 0 3622.dat
1 19 530 -552 -270 0 0 -1 0 1 0 1 0 0 3001.dat
1 19 560 -552 -250 0 0 -1 0 1 0 1 0 0 3009.dat
1 19 520 -552 -220 0 0 -1 0 1 0 1 0 0 3005.dat
0 STEP
1 19 580 -552 -230 0 0 -1 0 1 0 1 0 0 3009.dat
1 19 610 -552 -230 0 0 -1 0 1 0 1 0 0 3001.dat
1 19 610 -552 -180 1 0 0 0 1 0 0 0 1 3004.dat
1 19 650 -552 -230 0 0 -1 0 1 0 1 0 0 3001.dat
1 7 650 -552 -180 1 0 0 0 1 0 0 0 1 3004.dat
1 19 690 -552 -230 0 0 -1 0 1 0 1 0 0 3001.dat
1 19 710 -552 -180 1 0 0 0 1 0 0 0 1 3010.dat
1 19 730 -552 -230 0 0 -1 0 1 0 1 0 0 3001.dat
1 19 540 -552 -210 0 0 -1 0 1 0 1 0 0 3004.dat
1 19 770 -552 -230 0 0 -1 0 1 0 1 0 0 3001.dat
1 19 800 -552 -240 0 0 -1 0 1 0 1 0 0 3622.dat
1 19 820 -552 -250 0 0 -1 0 1 0 1 0 0 3004.dat
0 STEP
1 19 760 -576 -980 1 0 0 0 1 0 0 0 1 3622.dat
1 19 750 -576 -960 1 0 0 0 1 0 0 0 1 3009.dat
1 19 710 -576 -940 1 0 0 0 1 0 0 0 1 3010.dat
1 19 730 -576 -920 1 0 0 0 1 0 0 0 1 3004.dat
1 19 760 -576 -910 0 0 -1 0 1 0 1 0 0 3010.dat
1 19 740 -576 -890 0 0 -1 0 1 0 1 0 0 3004.dat
1 19 780 -576 -890 0 0 -1 0 1 0 1 0 0 3010.dat
1 19 760 -576 -860 1 0 0 0 1 0 0 0 1 3005.dat
1 19 800 -576 -880 0 0 -1 0 1 0 1 0 0 3622.dat
1 19 820 -576 -870 0 0 -1 0 1 0 1 0 0 3010.dat
1 19 790 -576 -840 1 0 0 0 1 0 0 0 1 3004.dat
1 19 840 -576 -860 1 0 0 0 1 0 0 0 1 3005.dat
1 19 870 -576 -840 1 0 0 0 1 0 0 0 1 3010.dat
1 19 870 -576 -810 1 0 0 0 1 0 0 0 1 2456.dat
1 19 650 -576 -900 1 0 0 0 1 0 0 0 1 3008.dat
1 19 630 -576 -880 1 0 0 0 1 0 0 0 1 3008.dat
1 19 630 -576 -920 1 0 0 0 1 0 0 0 1 3008.dat
1 19 580 -576 -860 1 0 0 0 1 0 0 0 1 3005.dat
1 19 560 -576 -940 1 0 0 0 1 0 0 0 1 3005.dat
1 19 530 -576 -900 1 0 0 0 1 0 0 0 1 3010.dat
0 STEP
1 19 490 -576 -930 1 0 0 0 1 0 0 0 1 2456.dat
1 19 510 -576 -880 1 0 0 0 1 0 0 0 1 3010.dat
1 19 510 -576 -860 1 0 0 0 1 0 0 0 1 3009.dat
1 19 520 -576 -840 1 0 0 0 1 0 0 0 1 3005.dat
1 19 470 -576 -840 1 0 0 0 1 0 0 0 1 3010.dat
1 19 500 -576 -820 1 0 0 0 1 0 0 0 1 3005.dat
1 19 450 -576 -820 1 0 0 0 1 0 0 0 1 3010.dat
1 19 430 -576 -800 1 0 0 0 1 0 0 0 1 3009.dat
1 19 440 -576 -760 1 0 0 0 1 0 0 0 1 3005.dat
1 19 410 -576 -780 1 0 0 0 1 0 0 0 1 3009.dat
1 19 420 -576 -740 1 0 0 0 1 0 0 0 1 3005.dat
1 19 390 -576 -760 1 0 0 0 1 0 0 0 1 3010.dat
1 19 370 -576 -740 1 0 0 0 1 0 0 0 1 3010.dat
1 19 360 -576 -710 1 0 0 0 1 0 0 0 1 3002.dat
1 19 350 -576 -670 1 0 0 0 1 0 0 0 1 3001.dat
1 19 420 -576 -640 1 0 0 0 1 0 0 0 1 3005.dat
1 19 370 -576 -640 1 0 0 0 1 0 0 0 1 3010.dat
1 19 390 -576 -620 1 0 0 0 1 0 0 0 1 3010.dat
1 19 420 -576 -600 1 0 0 0 1 0 0 0 1 3622.dat
1 19 410 -576 -580 1 0 0 0 1 0 0 0 1 3010.dat
0 STEP
1 19 940 -576 -800 1 0 0 0 1 0 0 0 1 3005.dat
1 19 930 -576 -770 1 0 0 0 1 0 0 0 1 3001.dat
1 19 950 -576 -730 1 0 0 0 1 0 0 0 1 3001.dat
1 19 960 -576 -700 1 0 0 0 1 0 0 0 1 3622.dat
1 19 950 -576 -680 1 0 0 0 1 0 0 0 1 3010.dat
1 19 930 -576 -660 1 0 0 0 1 0 0 0 1 3010.dat
1 19 920 -576 -640 1 0 0 0 1 0 0 0 1 3622.dat
1 19 910 -576 -610 1 0 0 0 1 0 0 0 1 3001.dat
1 19 920 -576 -580 1 0 0 0 1 0 0 0 1 3622.dat
1 19 910 -576 -560 1 0 0 0 1 0 0 0 1 3010.dat
1 19 890 -576 -530 1 0 0 0 1 0 0 0 1 3001.dat
1 19 880 -576 -500 1 0 0 0 1 0 0 0 1 3622.dat
1 19 870 -576 -470 1 0 0 0 1 0 0 0 1 3001.dat
1 19 860 -576 -440 1 0 0 0 1 0 0 0 1 3622.dat
1 19 850 -576 -420 1 0 0 0 1 0 0 0 1 3010.dat
1 19 830 -576 -390 1 0 0 0 1 0 0 0 1 3001.dat
1 19 820 -576 -360 1 0 0 0 1 0 0 0 1 3622.dat
1 19 810 -576 -340 1 0 0 0 1 0 0 0 1 3010.dat
1 19 840 -576 -320 1 0 0 0 1 0 0 0 1 3005.dat
1 19 790 -576 -320 1 0 0 0 1 0 0 0 1 3010.dat
0 STEP
1 19 400 -576 -560 1 0 0 0 1 0 0 0 1 3622.dat
1 19 410 -576 -540 1 0 0 0 1 0 0 0 1 3010.dat
1 19 420 -576 -520 1 0 0 0 1 0 0 0 1 3622.dat
1 19 430 -576 -500 1 0 0 0 1 0 0 0 1 3010.dat
1 19 440 -576 -480 1 0 0 0 1 0 0 0 1 3622.dat
1 19 450 -576 -460 1 0 0 0 1 0 0 0 1 3010.dat
1 19 460 -576 -440 1 0 0 0 1 0 0 0 1 3622.dat
1 19 460 -576 -410 1 0 0 0 1 0 0 0 1 3002.dat
1 19 470 -576 -380 1 0 0 0 1 0 0 0 1 3010.dat
1 19 440 -576 -360 1 0 0 0 1 0 0 0 1 3005.dat
1 19 490 -576 -360 1 0 0 0 1 0 0 0 1 3010.dat
1 19 460 -576 -340 1 0 0 0 1 0 0 0 1 3005.dat
1 19 510 -576 -340 1 0 0 0 1 0 0 0 1 3010.dat
1 19 480 -576 -320 1 0 0 0 1 0 0 0 1 3005.dat
1 19 530 -576 -320 1 0 0 0 1 0 0 0 1 3010.dat
1 19 510 -576 -280 1 0 0 0 1 0 0 0 1 3004.dat
1 19 550 -576 -300 1 0 0 0 1 0 0 0 1 3009.dat
1 19 610 -576 -280 1 0 0 0 1 0 0 0 1 3008.dat
1 19 590 -576 -260 1 0 0 0 1 0 0 0 1 3008.dat
1 19 610 -576 -240 1 0 0 0 1 0 0 0 1 3008.dat
0 STEP
1 19 790 -576 -300 1 0 0 0 1 0 0 0 1 3009.dat
1 19 820 -576 -280 1 0 0 0 1 0 0 0 1 3005.dat
1 19 750 -576 -280 1 0 0 0 1 0 0 0 1 3009.dat
1 19 750 -576 -260 1 0 0 0 1 0 0 0 1 3008.dat
1 19 750 -576 -240 1 0 0 0 1 0 0 0 1 3009.dat
1 19 740 -576 -220 1 0 0 0 1 0 0 0 1 3622.dat
1 19 700 -576 -200 1 0 0 0 1 0 0 0 1 3005.dat
1 19 630 -576 -220 1 0 0 0 1 0 0 0 1 3008.dat
1 19 630 -576 -200 1 0 0 0 1 0 0 0 1 3009.dat
0 STEP
1 19 720 -600 -960 1 0 0 0 1 0 0 0 1 3622.dat
1 19 770 -600 -940 1 0 0 0 1 0 0 0 1 3009.dat
1 19 750 -600 -910 1 0 0 0 1 0 0 0 1 3001.dat
1 19 790 -600 -960 1 0 0 0 1 0 0 0 1 3010.dat
1 19 750 -600 -880 1 0 0 0 1 0 0 0 1 3010.dat
1 19 700 -600 -910 0 0 -1 0 1 0 1 0 0 3010.dat
1 19 800 -600 -890 0 0 -1 0 1 0 1 0 0 3010.dat
1 19 780 -600 -860 0 0 -1 0 1 0 1 0 0 3005.dat
1 19 820 -600 -900 0 0 -1 0 1 0 1 0 0 3005.dat
1 19 800 -600 -840 0 0 -1 0 1 0 1 0 0 3005.dat
1 19 820 -600 -850 0 0 -1 0 1 0 1 0 0 3010.dat
1 19 840 -600 -830 0 0 -1 0 1 0 1 0 0 3010.dat
1 19 670 -600 -900 0 0 -1 0 1 0 1 0 0 3002.dat
1 19 860 -600 -820 0 0 -1 0 1 0 1 0 0 3622.dat
1 19 880 -600 -810 0 0 -1 0 1 0 1 0 0 3010.dat
1 19 900 -600 -790 0 0 -1 0 1 0 1 0 0 3009.dat
1 19 630 -600 -900 0 0 -1 0 1 0 1 0 0 3002.dat
1 19 920 -600 -770 0 0 -1 0 1 0 1 0 0 3009.dat
1 19 940 -600 -770 0 0 -1 0 1 0 1 0 0 3010.dat
1 19 590 -600 -900 0 0 -1 0 1 0 1 0 0 3002.dat
0 STEP
1 19 460 -600 -940 1 0 0 0 1 0 0 0 1 3622.dat
1 19 450 -600 -920 1 0 0 0 1 0 0 0 1 3010.dat
1 19 490 -600 -900 1 0 0 0 1 0 0 0 1 3009.dat
1 19 520 -600 -930 1 0 0 0 1 0 0 0 1 3002.dat
1 19 460 -600 -860 0 0 -1 0 1 0 1 0 0 3005.dat
1 19 480 -600 -850 0 0 -1 0 1 0 1 0 0 3010.dat
1 19 510 -600 -860 0 0 -1 0 1 0 1 0 0 3002.dat
1 19 540 -600 -870 0 0 -1 0 1 0 1 0 0 3004.dat
1 19 440 -600 -840 0 0 -1 0 1 0 1 0 0 3005.dat
1 19 560 -600 -890 0 0 -1 0 1 0 1 0 0 3010.dat
1 19 460 -600 -810 0 0 -1 0 1 0 1 0 0 3010.dat
1 19 560 -600 -940 0 0 -1 0 1 0 1 0 0 3005.dat
1 19 430 -600 -790 0 0 -1 0 1 0 1 0 0 3001.dat
1 19 390 -600 -800 1 0 0 0 1 0 0 0 1 3004.dat
1 19 400 -600 -750 0 0 -1 0 1 0 1 0 0 3010.dat
1 19 360 -600 -780 0 0 -1 0 1 0 1 0 0 3005.dat
1 19 380 -600 -730 0 0 -1 0 1 0 1 0 0 3009.dat
1 19 340 -600 -720 0 0 -1 0 1 0 1 0 0 3005.dat
1 19 360 -600 -690 0 0 -1 0 1 0 1 0 0 3008.dat
1 19 340 -600 -670 0 0 -1 0 1 0 1 0 0 3010.dat
0 STEP
1 19 960 -600 -710 0 0 -1 0 1 0 1 0 0 3009.dat
1 19 980 -600 -700 0 0 -1 0 1 0 1 0 0 3622.dat
1 19 940 -600 -650 0 0 -1 0 1 0 1 0 0 3008.dat
1 19 920 -600 -610 0 0 -1 0 1 0 1 0 0 3008.dat
1 19 900 -600 -590 0 0 -1 0 1 0 1 0 0 3008.dat
1 19 880 -600 -550 0 0 -1 0 1 0 1 0 0 3010.dat
1 19 860 -600 -530 0 0 -1 0 1 0 1 0 0 3004.dat
1 19 870 -600 -500 1 0 0 0 1 0 0 0 1 3010.dat
1 19 900 -600 -480 0 0 -1 0 1 0 1 0 0 3005.dat
1 19 860 -600 -470 1 0 0 0 1 0 0 0 1 3002.dat
1 19 850 -600 -440 1 0 0 0 1 0 0 0 1 3010.dat
1 19 880 -600 -420 0 0 -1 0 1 0 1 0 0 3005.dat
1 19 830 -600 -410 1 0 0 0 1 0 0 0 1 3001.dat
1 19 810 -600 -370 1 0 0 0 1 0 0 0 1 3001.dat
1 19 790 -600 -340 1 0 0 0 1 0 0 0 1 3009.dat
1 19 840 -600 -320 0 0 -1 0 1 0 1 0 0 3005.dat
1 19 820 -600 -310 0 0 -1 0 1 0 1 0 0 3004.dat
1 19 750 -600 -320 1 0 0 0 1 0 0 0 1 3009.dat
1 19 800 -600 -290 0 0 -1 0 1 0 1 0 0 3004.dat
1 19 780 -600 -280 0 0 -1 0 1 0 1 0 0 3622.dat
0 STEP
1 19 380 -600 -630 0 0 -1 0 1 0 1 0 0 3010.dat
1 19 400 -600 -640 0 0 -1 0 1 0 1 0 0 3005.dat
1 19 420 -600 -620 0 0 -1 0 1 0 1 0 0 3005.dat
1 19 440 -600 -590 0 0 -1 0 1 0 1 0 0 3004.dat
1 19 400 -600 -570 0 0 -1 0 1 0 1 0 0 3009.dat
1 19 380 -600 -560 0 0 -1 0 1 0 1 0 0 3622.dat
1 19 420 -600 -530 0 0 -1 0 1 0 1 0 0 3008.dat
1 19 440 -600 -490 0 0 -1 0 1 0 1 0 0 3008.dat
1 19 460 -600 -470 0 0 -1 0 1 0 1 0 0 3009.dat
1 19 480 -600 -450 0 0 -1 0 1 0 1 0 0 3010.dat
1 19 470 -600 -400 1 0 0 0 1 0 0 0 1 3010.dat
1 19 440 -600 -380 0 0 -1 0 1 0 1 0 0 3005.dat
1 19 490 -600 -380 1 0 0 0 1 0 0 0 1 3010.dat
1 19 460 -600 -360 0 0 -1 0 1 0 1 0 0 3005.dat
1 19 510 -600 -360 1 0 0 0 1 0 0 0 1 3010.dat
1 19 480 -600 -340 0 0 -1 0 1 0 1 0 0 3005.dat
1 19 530 -600 -340 1 0 0 0 1 0 0 0 1 3010.dat
1 19 500 -600 -310 0 0 -1 0 1 0 1 0 0 3004.dat
1 19 570 -600 -320 1 0 0 0 1 0 0 0 1 3009.dat
1 19 520 -600 -290 0 0 -1 0 1 0 1 0 0 3004.dat
0 STEP
1 19 540 -600 -280 0 0 -1 0 1 0 1 0 0 3622.dat
1 19 570 -600 -270 0 0 -1 0 1 0 1 0 0 3001.dat
1 19 610 -600 -270 0 0 -1 0 1 0 1 0 0 3001.dat
1 7 650 -600 -270 0 0 -1 0 1 0 1 0 0 3001.dat
1 19 690 -600 -270 0 0 -1 0 1 0 1 0 0 3001.dat
1 19 730 -600 -270 0 0 -1 0 1 0 1 0 0 3001.dat
1 19 760 -600 -270 0 0 -1 0 1 0 1 0 0 3010.dat
0 STEP
1 19 770 -624 -960 1 0 0 0 1 0 0 0 1 3009.dat
1 19 770 -624 -920 1 0 0 0 1 0 0 0 1 3010.dat
1 19 810 -624 -940 1 0 0 0 1 0 0 0 1 3009.dat
1 19 790 -624 -890 1 0 0 0 1 0 0 0 1 3001.dat
1 19 740 -624 -890 0 0 -1 0 1 0 1 0 0 3004.dat
1 19 720 -624 -940 1 0 0 0 1 0 0 0 1 3622.dat
1 19 720 -624 -890 0 0 -1 0 1 0 1 0 0 3010.dat
1 19 810 -624 -860 1 0 0 0 1 0 0 0 1 3010.dat
1 19 800 -624 -840 1 0 0 0 1 0 0 0 1 3005.dat
1 19 820 -624 -820 1 0 0 0 1 0 0 0 1 3005.dat
1 19 850 -624 -840 1 0 0 0 1 0 0 0 1 3010.dat
1 19 870 -624 -820 1 0 0 0 1 0 0 0 1 3010.dat
1 19 890 -624 -800 1 0 0 0 1 0 0 0 1 3009.dat
1 19 890 -624 -780 1 0 0 0 1 0 0 0 1 3010.dat
1 19 920 -624 -760 1 0 0 0 1 0 0 0 1 3622.dat
1 19 940 -624 -780 1 0 0 0 1 0 0 0 1 3005.dat
1 19 930 -624 -740 1 0 0 0 1 0 0 0 1 3010.dat
1 19 940 -624 -720 1 0 0 0 1 0 0 0 1 3622.dat
1 19 950 -624 -690 1 0 0 0 1 0 0 0 1 3001.dat
1 19 940 -624 -660 1 0 0 0 1 0 0 0 1 3622.dat
0 STEP
1 19 480 -624 -940 1 0 0 0 1 0 0 0 1 3005.dat
1 19 470 -624 -910 1 0 0 0 1 0 0 0 1 3007.dat
1 19 510 -624 -880 1 0 0 0 1 0 0 0 1 3010.dat
1 19 530 -624 -940 1 0 0 0 1 0 0 0 1 3010.dat
1 19 510 -624 -860 1 0 0 0 1 0 0 0 1 3009.dat
1 19 500 -624 -840 1 0 0 0 1 0 0 0 1 3005.dat
1 19 450 -624 -830 1 0 0 0 1 0 0 0 1 3001.dat
1 19 430 -624 -800 1 0 0 0 1 0 0 0 1 3010.dat
1 19 410 -624 -780 1 0 0 0 1 0 0 0 1 3010.dat
1 19 380 -624 -800 1 0 0 0 1 0 0 0 1 3005.dat
1 19 390 -624 -760 1 0 0 0 1 0 0 0 1 3010.dat
1 19 360 -624 -780 1 0 0 0 1 0 0 0 1 3005.dat
1 19 380 -624 -730 1 0 0 0 1 0 0 0 1 3002.dat
1 19 370 -624 -700 1 0 0 0 1 0 0 0 1 3010.dat
1 19 360 -624 -680 1 0 0 0 1 0 0 0 1 3622.dat
1 19 370 -624 -650 1 0 0 0 1 0 0 0 1 3001.dat
1 19 390 -624 -620 1 0 0 0 1 0 0 0 1 3010.dat
1 19 410 -624 -590 1 0 0 0 1 0 0 0 1 3001.dat
1 19 410 -624 -560 1 0 0 0 1 0 0 0 1 3010.dat
1 19 630 -624 -880 1 0 0 0 1 0 0 0 1 3008.dat
0 STEP
1 19 630 -624 -910 1 0 0 0 1 0 0 0 1 3007.dat
1 19 930 -624 -640 1 0 0 0 1 0 0 0 1 3010.dat
1 19 920 -624 -610 1 0 0 0 1 0 0 0 1 3002.dat
1 19 910 -624 -580 1 0 0 0 1 0 0 0 1 3010.dat
1 19 890 -624 -550 1 0 0 0 1 0 0 0 1 3001.dat
1 19 870 -624 -510 1 0 0 0 1 0 0 0 1 3001.dat
1 19 860 -624 -480 1 0 0 0 1 0 0 0 1 3622.dat
1 19 850 -624 -460 1 0 0 0 1 0 0 0 1 3010.dat
1 19 880 -624 -440 1 0 0 0 1 0 0 0 1 3005.dat
1 19 830 -624 -440 1 0 0 0 1 0 0 0 1 3010.dat
1 19 860 -624 -420 1 0 0 0 1 0 0 0 1 3005.dat
1 19 810 -624 -410 1 0 0 0 1 0 0 0 1 3001.dat
1 19 790 -624 -380 1 0 0 0 1 0 0 0 1 3010.dat
1 19 770 -624 -360 1 0 0 0 1 0 0 0 1 3009.dat
1 19 750 -624 -340 1 0 0 0 1 0 0 0 1 3008.dat
1 19 770 -624 -320 1 0 0 0 1 0 0 0 1 3009.dat
1 19 700 -624 -320 1 0 0 0 1 0 0 0 1 3005.dat
1 19 730 -624 -300 1 0 0 0 1 0 0 0 1 3008.dat
1 19 710 -624 -280 1 0 0 0 1 0 0 0 1 3008.dat
1 19 630 -624 -320 1 0 0 0 1 0 0 0 1 3009.dat
0 STEP
1 19 430 -624 -530 1 0 0 0 1 0 0 0 1 3001.dat
1 19 450 -624 -490 1 0 0 0 1 0 0 0 1 3001.dat
1 19 460 -624 -460 1 0 0 0 1 0 0 0 1 3622.dat
1 19 470 -624 -430 1 0 0 0 1 0 0 0 1 3001.dat
1 19 440 -624 -400 1 0 0 0 1 0 0 0 1 3005.dat
1 19 490 -624 -400 1 0 0 0 1 0 0 0 1 3010.dat
1 19 460 -624 -370 0 0 -1 0 1 0 1 0 0 3004.dat
1 19 510 -624 -380 1 0 0 0 1 0 0 0 1 3010.dat
1 19 490 -624 -340 1 0 0 0 1 0 0 0 1 3004.dat
1 19 530 -624 -360 1 0 0 0 1 0 0 0 1 3009.dat
1 19 530 -624 -320 1 0 0 0 1 0 0 0 1 3010.dat
1 19 520 -624 -300 1 0 0 0 1 0 0 0 1 3005.dat
1 19 590 -624 -340 1 0 0 0 1 0 0 0 1 3008.dat
1 19 540 -624 -280 1 0 0 0 1 0 0 0 1 3005.dat
1 19 590 -624 -300 1 0 0 0 1 0 0 0 1 3009.dat
1 19 590 -624 -280 1 0 0 0 1 0 0 0 1 3010.dat
1 19 590 -624 -260 1 0 0 0 1 0 0 0 1 3004.dat
1 19 690 -624 -260 1 0 0 0 1 0 0 0 1 3008.dat
0 STEP
1 19 730 -648 -910 0 0 -1 0 1 0 1 0 0 2456.dat
1 19 760 -648 -930 0 0 -1 0 1 0 1 0 0 3010.dat
1 19 780 -648 -910 0 0 -1 0 1 0 1 0 0 3009.dat
1 19 760 -648 -880 0 0 -1 0 1 0 1 0 0 3005.dat
1 19 800 -648 -890 0 0 -1 0 1 0 1 0 0 3009.dat
1 19 820 -648 -870 0 0 -1 0 1 0 1 0 0 3009.dat
1 19 820 -648 -940 0 0 -1 0 1 0 1 0 0 3005.dat
1 19 850 -648 -930 0 0 -1 0 1 0 1 0 0 3003.dat
1 19 840 -648 -830 0 0 -1 0 1 0 1 0 0 3010.dat
1 19 880 -648 -840 0 0 -1 0 1 0 1 0 0 3005.dat
1 19 860 -648 -810 0 0 -1 0 1 0 1 0 0 3010.dat
1 19 880 -648 -790 0 0 -1 0 1 0 1 0 0 3010.dat
1 19 690 -648 -890 0 0 -1 0 1 0 1 0 0 3001.dat
1 19 700 -648 -940 0 0 -1 0 1 0 1 0 0 3005.dat
1 19 650 -648 -900 0 0 -1 0 1 0 1 0 0 3002.dat
1 19 900 -648 -770 0 0 -1 0 1 0 1 0 0 3009.dat
1 19 920 -648 -750 0 0 -1 0 1 0 1 0 0 3009.dat
1 19 610 -648 -900 0 0 -1 0 1 0 1 0 0 3002.dat
1 19 940 -648 -730 0 0 -1 0 1 0 1 0 0 3009.dat
1 19 580 -648 -860 1 0 0 0 1 0 0 0 1 3005.dat
0 STEP
1 19 490 -648 -890 0 0 -1 0 1 0 1 0 0 2456.dat
1 19 450 -648 -910 0 0 -1 0 1 0 1 0 0 3003.dat
1 19 460 -648 -850 0 0 -1 0 1 0 1 0 0 3010.dat
1 19 410 -648 -900 1 0 0 0 1 0 0 0 1 3004.dat
1 19 440 -648 -830 0 0 -1 0 1 0 1 0 0 3010.dat
1 19 480 -648 -820 0 0 -1 0 1 0 1 0 0 3005.dat
1 19 420 -648 -810 0 0 -1 0 1 0 1 0 0 3010.dat
1 19 460 -648 -800 0 0 -1 0 1 0 1 0 0 3005.dat
1 19 440 -648 -780 0 0 -1 0 1 0 1 0 0 3005.dat
1 19 400 -648 -780 0 0 -1 0 1 0 1 0 0 3622.dat
1 19 420 -648 -760 0 0 -1 0 1 0 1 0 0 3005.dat
1 19 540 -648 -860 0 0 -1 0 1 0 1 0 0 3005.dat
1 19 530 -648 -910 0 0 -1 0 1 0 1 0 0 3001.dat
1 19 560 -648 -890 0 0 -1 0 1 0 1 0 0 3010.dat
1 19 580 -648 -900 0 0 -1 0 1 0 1 0 0 3622.dat
1 19 380 -648 -730 0 0 -1 0 1 0 1 0 0 3008.dat
1 19 400 -648 -710 0 0 -1 0 1 0 1 0 0 3010.dat
1 19 360 -648 -710 0 0 -1 0 1 0 1 0 0 3009.dat
1 19 340 -648 -680 0 0 -1 0 1 0 1 0 0 3622.dat
1 19 360 -648 -640 0 0 -1 0 1 0 1 0 0 3005.dat
0 STEP
1 19 960 -648 -700 0 0 -1 0 1 0 1 0 0 3622.dat
1 19 920 -648 -680 0 0 -1 0 1 0 1 0 0 3005.dat
1 19 930 -648 -650 1 0 0 0 1 0 0 0 1 3001.dat
1 19 910 -648 -620 1 0 0 0 1 0 0 0 1 3010.dat
1 19 940 -648 -600 0 0 -1 0 1 0 1 0 0 3005.dat
1 19 920 -648 -580 0 0 -1 0 1 0 1 0 0 3622.dat
1 19 890 -648 -570 0 0 -1 0 1 0 1 0 0 3001.dat
1 19 900 -648 -520 0 0 -1 0 1 0 1 0 0 3005.dat
1 19 880 -648 -490 0 0 -1 0 1 0 1 0 0 3010.dat
1 19 840 -648 -510 0 0 -1 0 1 0 1 0 0 3010.dat
1 7 860 -648 -490 0 0 -1 0 1 0 1 0 0 3008.dat
1 7 840 -648 -440 0 0 -1 0 1 0 1 0 0 3622.dat
1 19 820 -648 -450 0 0 -1 0 1 0 1 0 0 3010.dat
1 19 800 -648 -430 0 0 -1 0 1 0 1 0 0 3010.dat
1 19 780 -648 -410 0 0 -1 0 1 0 1 0 0 3010.dat
1 19 820 -648 -380 0 0 -1 0 1 0 1 0 0 3622.dat
1 19 800 -648 -360 0 0 -1 0 1 0 1 0 0 3622.dat
1 19 780 -648 -340 0 0 -1 0 1 0 1 0 0 3622.dat
1 19 760 -648 -350 0 0 -1 0 1 0 1 0 0 3009.dat
1 19 730 -648 -350 0 0 -1 0 1 0 1 0 0 3001.dat
0 STEP
1 19 400 -648 -590 0 0 -1 0 1 0 1 0 0 3008.dat
1 19 420 -648 -570 0 0 -1 0 1 0 1 0 0 3008.dat
1 19 380 -648 -620 0 0 -1 0 1 0 1 0 0 3622.dat
1 19 440 -648 -530 0 0 -1 0 1 0 1 0 0 3008.dat
1 7 460 -648 -470 0 0 -1 0 1 0 1 0 0 3008.dat
1 7 440 -648 -440 0 0 -1 0 1 0 1 0 0 3005.dat
1 19 480 -648 -450 0 0 -1 0 1 0 1 0 0 3008.dat
1 19 500 -648 -430 0 0 -1 0 1 0 1 0 0 3010.dat
1 19 520 -648 -390 0 0 -1 0 1 0 1 0 0 3009.dat
1 19 480 -648 -360 0 0 -1 0 1 0 1 0 0 3005.dat
1 19 500 -648 -360 0 0 -1 0 1 0 1 0 0 3622.dat
1 19 540 -648 -370 0 0 -1 0 1 0 1 0 0 3009.dat
1 19 580 -648 -380 1 0 0 0 1 0 0 0 1 3005.dat
1 19 560 -648 -350 0 0 -1 0 1 0 1 0 0 3009.dat
1 19 520 -648 -320 0 0 -1 0 1 0 1 0 0 3005.dat
1 19 580 -648 -330 0 0 -1 0 1 0 1 0 0 3010.dat
1 19 600 -648 -330 0 0 -1 0 1 0 1 0 0 3009.dat
1 19 630 -648 -330 0 0 -1 0 1 0 1 0 0 2456.dat
1 19 670 -648 -330 0 0 -1 0 1 0 1 0 0 3001.dat
1 19 700 -648 -330 0 0 -1 0 1 0 1 0 0 3009.dat
1 19 720 -648 -290 0 0 -1 0 1 0 1 0 0 3004.dat
1 19 740 -648 -300 0 0 -1 0 1 0 1 0 0 3005.dat
1 19 670 -648 -280 1 0 0 0 1 0 0 0 1 3004.dat
0 STEP
1 19 600 -672 -930 0 0 -1 0 1 0 1 0 0 3010.dat
1 19 630 -672 -910 0 0 -1 0 1 0 1 0 0 3001.dat
1 19 600 -672 -880 1 0 0 0 1 0 0 0 1 3005.dat
1 19 570 -672 -900 1 0 0 0 1 0 0 0 1 3004.dat
1 19 660 -672 -910 0 0 -1 0 1 0 1 0 0 3010.dat
1 19 520 -672 -940 1 0 0 0 1 0 0 0 1 3622.dat
1 19 510 -672 -920 1 0 0 0 1 0 0 0 1 3008.dat
1 19 510 -672 -870 1 0 0 0 1 0 0 0 1 3007.dat
1 19 470 -672 -900 1 0 0 0 1 0 0 0 1 3008.dat
1 19 450 -672 -840 1 0 0 0 1 0 0 0 1 3010.dat
1 19 440 -672 -820 1 0 0 0 1 0 0 0 1 3622.dat
1 19 430 -672 -800 1 0 0 0 1 0 0 0 1 3010.dat
1 19 410 -672 -770 1 0 0 0 1 0 0 0 1 3001.dat
1 19 390 -672 -740 1 0 0 0 1 0 0 0 1 3010.dat
1 19 380 -672 -710 1 0 0 0 1 0 0 0 1 3002.dat
1 19 720 -672 -860 1 0 0 0 1 0 0 0 1 3622.dat
1 19 380 -672 -670 1 0 0 0 1 0 0 0 1 3002.dat
1 19 390 -672 -640 1 0 0 0 1 0 0 0 1 3010.dat
1 19 400 -672 -620 1 0 0 0 1 0 0 0 1 3622.dat
1 19 410 -672 -600 1 0 0 0 1 0 0 0 1 3010.dat
0 STEP
1 19 770 -672 -940 1 0 0 0 1 0 0 0 1 3009.dat
1 19 750 -672 -920 1 0 0 0 1 0 0 0 1 3008.dat
1 19 750 -672 -890 1 0 0 0 1 0 0 0 1 3007.dat
1 19 810 -672 -860 1 0 0 0 1 0 0 0 1 3010.dat
1 19 840 -672 -930 0 0 -1 0 1 0 1 0 0 3004.dat
1 19 830 -672 -840 1 0 0 0 1 0 0 0 1 3010.dat
1 19 850 -672 -820 1 0 0 0 1 0 0 0 1 3010.dat
1 19 890 -672 -900 0 0 -1 0 1 0 1 0 0 3002.dat
1 19 900 -672 -860 1 0 0 0 1 0 0 0 1 3005.dat
1 19 870 -672 -800 1 0 0 0 1 0 0 0 1 3010.dat
1 19 890 -672 -770 1 0 0 0 1 0 0 0 1 3001.dat
1 19 940 -672 -760 1 0 0 0 1 0 0 0 1 3005.dat
1 19 910 -672 -730 1 0 0 0 1 0 0 0 1 3001.dat
1 19 930 -672 -700 1 0 0 0 1 0 0 0 1 3010.dat
1 19 960 -672 -720 1 0 0 0 1 0 0 0 1 3005.dat
1 19 930 -672 -670 1 0 0 0 1 0 0 0 1 3001.dat
1 7 910 -672 -630 1 0 0 0 1 0 0 0 1 3001.dat
1 19 900 -672 -600 1 0 0 0 1 0 0 0 1 3622.dat
1 7 890 -672 -580 1 0 0 0 1 0 0 0 1 3010.dat
1 7 920 -672 -560 1 0 0 0 1 0 0 0 1 3005.dat
0 STEP
1 7 870 -672 -550 1 0 0 0 1 0 0 0 1 3001.dat
1 7 850 -672 -510 1 0 0 0 1 0 0 0 1 3001.dat
1 7 880 -672 -480 1 0 0 0 1 0 0 0 1 3005.dat
1 19 830 -672 -480 1 0 0 0 1 0 0 0 1 3010.dat
1 7 860 -672 -460 1 0 0 0 1 0 0 0 1 3005.dat
1 19 810 -672 -460 1 0 0 0 1 0 0 0 1 3010.dat
1 7 810 -672 -440 1 0 0 0 1 0 0 0 1 3009.dat
1 19 790 -672 -420 1 0 0 0 1 0 0 0 1 3009.dat
1 19 780 -672 -380 1 0 0 0 1 0 0 0 1 3622.dat
1 19 750 -672 -400 1 0 0 0 1 0 0 0 1 3008.dat
1 19 800 -672 -360 1 0 0 0 1 0 0 0 1 3005.dat
1 19 760 -672 -340 1 0 0 0 1 0 0 0 1 3005.dat
1 19 730 -672 -360 1 0 0 0 1 0 0 0 1 3009.dat
1 19 710 -672 -380 1 0 0 0 1 0 0 0 1 3010.dat
1 19 710 -672 -330 1 0 0 0 1 0 0 0 1 3001.dat
1 19 680 -672 -300 1 0 0 0 1 0 0 0 1 3005.dat
0 STEP
1 19 420 -672 -580 1 0 0 0 1 0 0 0 1 3622.dat
1 19 430 -672 -550 1 0 0 0 1 0 0 0 1 3001.dat
1 19 450 -672 -520 1 0 0 0 1 0 0 0 1 3010.dat
1 7 470 -672 -490 1 0 0 0 1 0 0 0 1 3001.dat
1 7 440 -672 -460 1 0 0 0 1 0 0 0 1 3005.dat
1 19 490 -672 -460 1 0 0 0 1 0 0 0 1 3010.dat
1 7 460 -672 -430 0 0 -1 0 1 0 1 0 0 3004.dat
1 19 510 -672 -440 1 0 0 0 1 0 0 0 1 3010.dat
1 19 530 -672 -410 1 0 0 0 1 0 0 0 1 2456.dat
1 19 530 -672 -380 1 0 0 0 1 0 0 0 1 3010.dat
1 19 550 -672 -360 1 0 0 0 1 0 0 0 1 3009.dat
1 19 610 -672 -400 1 0 0 0 1 0 0 0 1 3004.dat
1 19 600 -672 -380 1 0 0 0 1 0 0 0 1 3622.dat
1 19 570 -672 -340 1 0 0 0 1 0 0 0 1 3009.dat
1 19 570 -672 -320 1 0 0 0 1 0 0 0 1 3004.dat
1 19 620 -672 -360 1 0 0 0 1 0 0 0 1 3005.dat
1 19 640 -672 -370 0 0 -1 0 1 0 1 0 0 3010.dat
1 19 620.000000000033 -672 -320.000000000033 0 0 -1 0 1 0 1 0 0 2357.dat
1 7 660 -672 -350 0 0 -1 0 1 0 1 0 0 3009.dat
1 7 640 -672 -310 0 0 -1 0 1 0 1 0 0 3004.dat
0 STEP
1 19 610 -696 -960 1 0 0 0 1 0 0 0 1 3010.dat
1 19 630 -696 -920 0 0 -1 0 1 0 1 0 0 3002.dat
1 19 590 -696 -910 0 0 -1 0 1 0 1 0 0 3001.dat
1 19 670 -696 -930 0 0 -1 0 1 0 1 0 0 3001.dat
1 19 700 -696 -930 0 0 -1 0 1 0 1 0 0 3010.dat
1 19 690 -696 -880 1 0 0 0 1 0 0 0 1 3004.dat
1 19 730 -696 -890 0 0 -1 0 1 0 1 0 0 3001.dat
1 19 750 -696 -940 1 0 0 0 1 0 0 0 1 3010.dat
1 19 770 -696 -890 0 0 -1 0 1 0 1 0 0 3001.dat
1 19 800 -696 -890 0 0 -1 0 1 0 1 0 0 3009.dat
1 19 820 -696 -900 0 0 -1 0 1 0 1 0 0 3005.dat
1 19 830 -696 -940 1 0 0 0 1 0 0 0 1 3004.dat
1 19 820 -696 -850 0 0 -1 0 1 0 1 0 0 3010.dat
1 19 850 -696 -920 1 0 0 0 1 0 0 0 1 3010.dat
1 19 850 -696 -850 0 0 -1 0 1 0 1 0 0 2456.dat
1 19 880 -696 -850 0 0 -1 0 1 0 1 0 0 3009.dat
1 19 860 -696 -780 1 0 0 0 1 0 0 0 1 3622.dat
1 19 900 -696 -830 0 0 -1 0 1 0 1 0 0 3008.dat
1 19 870 -696 -760 1 0 0 0 1 0 0 0 1 3004.dat
1 19 890 -696 -740 1 0 0 0 1 0 0 0 1 3010.dat
0 STEP
1 19 530 -696 -940 1 0 0 0 1 0 0 0 1 3010.dat
1 19 510 -696 -890 0 0 -1 0 1 0 1 0 0 3001.dat
1 19 550 -696 -890 0 0 -1 0 1 0 1 0 0 3001.dat
1 19 480 -696 -870 0 0 -1 0 1 0 1 0 0 3010.dat
1 19 450 -696 -920 1 0 0 0 1 0 0 0 1 3010.dat
1 19 430 -696 -900 1 0 0 0 1 0 0 0 1 3010.dat
1 19 430 -696 -870 1 0 0 0 1 0 0 0 1 3001.dat
1 19 430 -696 -830 1 0 0 0 1 0 0 0 1 3001.dat
1 19 460 -696 -790 0 0 -1 0 1 0 1 0 0 3004.dat
1 19 410 -696 -800 1 0 0 0 1 0 0 0 1 3004.dat
1 19 440 -696 -770 0 0 -1 0 1 0 1 0 0 3010.dat
1 19 380 -696 -770 0 0 -1 0 1 0 1 0 0 3010.dat
1 19 400 -696 -750 0 0 -1 0 1 0 1 0 0 3010.dat
1 19 420 -696 -730 0 0 -1 0 1 0 1 0 0 3009.dat
1 19 370 -696 -720 1 0 0 0 1 0 0 0 1 3004.dat
1 19 360 -696 -670 0 0 -1 0 1 0 1 0 0 3010.dat
1 19 380 -696 -650 0 0 -1 0 1 0 1 0 0 3009.dat
1 7 400 -696 -630 0 0 -1 0 1 0 1 0 0 3008.dat
1 7 420 -696 -590 0 0 -1 0 1 0 1 0 0 3008.dat
1 7 440 -696 -550 0 0 -1 0 1 0 1 0 0 3009.dat
0 STEP
1 19 920 -696 -770 0 0 -1 0 1 0 1 0 0 3004.dat
1 19 890 -696 -720 1 0 0 0 1 0 0 0 1 3004.dat
1 19 940 -696 -690 0 0 -1 0 1 0 1 0 0 3009.dat
1 19 920 -696 -650 0 0 -1 0 1 0 1 0 0 3008.dat
1 19 960 -696 -660 0 0 -1 0 1 0 1 0 0 3005.dat
1 19 880 -696 -650 0 0 -1 0 1 0 1 0 0 3009.dat
1 19 900 -696 -630 0 0 -1 0 1 0 1 0 0 3008.dat
1 19 880 -696 -580 0 0 -1 0 1 0 1 0 0 3005.dat
1 19 880 -696 -530 0 0 -1 0 1 0 1 0 0 3010.dat
1 19 860 -696 -530 0 0 -1 0 1 0 1 0 0 3008.dat
1 19 820 -696 -550 0 0 -1 0 1 0 1 0 0 3004.dat
1 19 840 -696 -510 0 0 -1 0 1 0 1 0 0 3008.dat
1 19 810 -696 -520 1 0 0 0 1 0 0 0 1 3004.dat
1 19 820 -696 -500 0 0 -1 0 1 0 1 0 0 3005.dat
1 19 820 -696 -450 0 0 -1 0 1 0 1 0 0 3010.dat
1 19 800 -696 -450 0 0 -1 0 1 0 1 0 0 3009.dat
1 19 780 -696 -430 0 0 -1 0 1 0 1 0 0 3009.dat
1 19 750 -696 -410 0 0 -1 0 1 0 1 0 0 2456.dat
1 19 720 -696 -390 0 0 -1 0 1 0 1 0 0 3009.dat
1 19 690 -696 -390 0 0 -1 0 1 0 1 0 0 2456.dat
0 STEP
1 19 460 -696 -510 0 0 -1 0 1 0 1 0 0 3008.dat
1 19 480 -696 -510 0 0 -1 0 1 0 1 0 0 3010.dat
1 19 500 -696 -490 0 0 -1 0 1 0 1 0 0 3010.dat
1 19 520 -696 -500 1 0 0 0 1 0 0 0 1 3005.dat
1 19 480 -696 -440 0 0 -1 0 1 0 1 0 0 3622.dat
1 19 500 -696 -420 0 0 -1 0 1 0 1 0 0 3622.dat
1 19 530 -696 -430 0 0 -1 0 1 0 1 0 0 2456.dat
1 19 560 -696 -410 0 0 -1 0 1 0 1 0 0 3009.dat
1 19 580 -696 -440 1 0 0 0 1 0 0 0 1 3005.dat
1 19 580 -696 -390 0 0 -1 0 1 0 1 0 0 3010.dat
1 19 540 -696 -360 0 0 -1 0 1 0 1 0 0 3005.dat
1 19 610 -696 -390 0 0 -1 0 1 0 1 0 0 2456.dat
1 7 650 -696 -390 0 0 -1 0 1 0 1 0 0 2456.dat
0 STEP
1 6 600 -720 -950 0 0 -1 0 1 0 1 0 0 3010.dat
1 6 580 -720 -940 0 0 -1 0 1 0 1 0 0 3622.dat
1 6 560 -720 -930 0 0 -1 0 1 0 1 0 0 3010.dat
1 6 540 -720 -940 1 0 0 0 1 0 0 0 1 3005.dat
1 19 600 -720 -900 1 0 0 0 1 0 0 0 1 3622.dat
1 6 630 -720 -950 0 0 -1 0 1 0 1 0 0 3001.dat
1 6 670 -720 -950 0 0 -1 0 1 0 1 0 0 3001.dat
1 19 680 -720 -900 1 0 0 0 1 0 0 0 1 3622.dat
1 6 700 -720 -940 0 0 -1 0 1 0 1 0 0 3622.dat
1 19 710 -720 -880 1 0 0 0 1 0 0 0 1 3004.dat
1 6 740 -720 -940 1 0 0 0 1 0 0 0 1 3622.dat
1 19 750 -720 -860 1 0 0 0 1 0 0 0 1 3004.dat
1 19 510 -720 -880 1 0 0 0 1 0 0 0 1 3008.dat
1 19 490 -720 -910 1 0 0 0 1 0 0 0 1 2456.dat
1 19 790 -720 -910 1 0 0 0 1 0 0 0 1 3007.dat
1 19 800 -720 -940 1 0 0 0 1 0 0 0 1 3622.dat
1 19 800 -720 -860 1 0 0 0 1 0 0 0 1 3005.dat
1 19 810 -720 -880 1 0 0 0 1 0 0 0 1 3008.dat
1 19 820 -720 -820 1 0 0 0 1 0 0 0 1 3005.dat
1 19 850 -720 -860 1 0 0 0 1 0 0 0 1 3010.dat
0 STEP
1 19 420 -720 -900 1 0 0 0 1 0 0 0 1 3005.dat
1 19 410 -720 -880 1 0 0 0 1 0 0 0 1 3004.dat
1 19 430 -720 -840 1 0 0 0 1 0 0 0 1 3009.dat
1 19 470 -720 -860 1 0 0 0 1 0 0 0 1 3008.dat
1 19 430 -720 -810 1 0 0 0 1 0 0 0 1 3001.dat
1 19 380 -720 -800 0 0 -1 0 1 0 1 0 0 3622.dat
1 19 430 -720 -770 1 0 0 0 1 0 0 0 1 3001.dat
1 19 410 -720 -730 1 0 0 0 1 0 0 0 1 3001.dat
1 19 410 -720 -700 1 0 0 0 1 0 0 0 1 3010.dat
1 19 400 -720 -680 1 0 0 0 1 0 0 0 1 3622.dat
1 19 410 -720 -650 1 0 0 0 1 0 0 0 1 3001.dat
1 19 410 -720 -620 1 0 0 0 1 0 0 0 1 3010.dat
1 19 430 -720 -590 1 0 0 0 1 0 0 0 1 3001.dat
1 19 450 -720 -560 1 0 0 0 1 0 0 0 1 3010.dat
1 19 420 -720 -540 1 0 0 0 1 0 0 0 1 3005.dat
1 19 470 -720 -530 1 0 0 0 1 0 0 0 1 3001.dat
1 19 450 -720 -500 1 0 0 0 1 0 0 0 1 3004.dat
1 19 530 -720 -520 1 0 0 0 1 0 0 0 1 3004.dat
1 19 500 -720 -500 1 0 0 0 1 0 0 0 1 3622.dat
1 19 460 -720 -480 1 0 0 0 1 0 0 0 1 3005.dat
0 STEP
1 19 850 -720 -840 1 0 0 0 1 0 0 0 1 3009.dat
1 19 870 -720 -810 1 0 0 0 1 0 0 0 1 3001.dat
1 19 870 -720 -770 1 0 0 0 1 0 0 0 1 3001.dat
1 19 890 -720 -730 1 0 0 0 1 0 0 0 1 3001.dat
1 19 890 -720 -690 1 0 0 0 1 0 0 0 1 3001.dat
1 19 940 -720 -690 0 0 -1 0 1 0 1 0 0 3004.dat
1 19 910 -720 -660 1 0 0 0 1 0 0 0 1 3010.dat
1 19 890 -720 -630 1 0 0 0 1 0 0 0 1 3001.dat
1 19 870 -720 -600 1 0 0 0 1 0 0 0 1 3010.dat
1 19 920 -720 -600 1 0 0 0 1 0 0 0 1 3005.dat
1 19 900 -720 -580 1 0 0 0 1 0 0 0 1 3005.dat
1 19 850 -720 -580 1 0 0 0 1 0 0 0 1 3010.dat
1 19 850 -720 -560 1 0 0 0 1 0 0 0 1 3009.dat
1 19 880 -720 -540 1 0 0 0 1 0 0 0 1 3005.dat
1 19 830 -720 -540 1 0 0 0 1 0 0 0 1 3010.dat
1 19 860 -720 -510 0 0 -1 0 1 0 1 0 0 3004.dat
1 19 810 -720 -520 1 0 0 0 1 0 0 0 1 3010.dat
1 19 840 -720 -480 1 0 0 0 1 0 0 0 1 3005.dat
1 19 790 -720 -500 1 0 0 0 1 0 0 0 1 3009.dat
1 19 820 -720 -460 1 0 0 0 1 0 0 0 1 3622.dat
0 STEP
1 19 550 -720 -500 1 0 0 0 1 0 0 0 1 3004.dat
1 19 550 -720 -470 1 0 0 0 1 0 0 0 1 3007.dat
1 19 530 -720 -440 1 0 0 0 1 0 0 0 1 3010.dat
1 19 600 -720 -440 1 0 0 0 1 0 0 0 1 3622.dat
1 19 570 -720 -410 1 0 0 0 1 0 0 0 1 2456.dat
1 19 500 -720 -420 1 0 0 0 1 0 0 0 1 3005.dat
1 19 480 -720 -440 1 0 0 0 1 0 0 0 1 3005.dat
1 19 580 -720 -380 1 0 0 0 1 0 0 0 1 3622.dat
1 19 650 -720 -430 0 0 -1 0 1 0 1 0 0 3001.dat
1 19 690 -720 -430 0 0 -1 0 1 0 1 0 0 3001.dat
1 19 690 -720 -380 1 0 0 0 1 0 0 0 1 3008.dat
1 19 700 -720 -480 1 0 0 0 1 0 0 0 1 3005.dat
1 19 720 -720 -420 1 0 0 0 1 0 0 0 1 3005.dat
1 19 750 -720 -460 1 0 0 0 1 0 0 0 1 3010.dat
1 19 750 -720 -400 1 0 0 0 1 0 0 0 1 3010.dat
1 19 770 -720 -440 1 0 0 0 1 0 0 0 1 3009.dat
1 19 770 -720 -420 1 0 0 0 1 0 0 0 1 3010.dat
1 19 770 -720 -480 1 0 0 0 1 0 0 0 1 3009.dat
0 STEP
1 6 630 -744 -950 0 0 -1 0 1 0 1 0 0 3001.dat
1 6 670 -744 -950 0 0 -1 0 1 0 1 0 0 3001.dat
1 6 710 -744 -930 0 0 -1 0 1 0 1 0 0 3001.dat
1 6 740 -744 -910 0 0 -1 0 1 0 1 0 0 3010.dat
1 19 720 -744 -880 0 0 -1 0 1 0 1 0 0 3005.dat
1 19 740 -744 -860 0 0 -1 0 1 0 1 0 0 3005.dat
1 6 770 -744 -890 0 0 -1 0 1 0 1 0 0 3001.dat
1 6 810 -744 -910 0 0 -1 0 1 0 1 0 0 3003.dat
1 19 800 -744 -850 0 0 -1 0 1 0 1 0 0 3010.dat
1 6 840 -744 -870 0 0 -1 0 1 0 1 0 0 3010.dat
1 19 820 -744 -830 0 0 -1 0 1 0 1 0 0 3009.dat
1 19 840 -744 -820 0 0 -1 0 1 0 1 0 0 3005.dat
1 19 860 -744 -810 0 0 -1 0 1 0 1 0 0 3009.dat
1 19 880 -744 -770 0 0 -1 0 1 0 1 0 0 3008.dat
1 19 840 -744 -730 0 0 -1 0 1 0 1 0 0 3008.dat
1 19 860 -744 -740 0 0 -1 0 1 0 1 0 0 3005.dat
1 19 860 -744 -690 0 0 -1 0 1 0 1 0 0 3010.dat
1 19 900 -744 -670 0 0 -1 0 1 0 1 0 0 3008.dat
1 19 920 -744 -670 0 0 -1 0 1 0 1 0 0 3010.dat
1 19 880 -744 -630 0 0 -1 0 1 0 1 0 0 3009.dat
0 STEP
1 6 590 -744 -950 0 0 -1 0 1 0 1 0 0 3001.dat
1 6 560 -744 -930 0 0 -1 0 1 0 1 0 0 3010.dat
1 6 530 -744 -910 0 0 -1 0 1 0 1 0 0 3001.dat
1 19 560 -744 -880 0 0 -1 0 1 0 1 0 0 3005.dat
1 19 520 -744 -860 0 0 -1 0 1 0 1 0 0 3005.dat
1 6 490 -744 -890 0 0 -1 0 1 0 1 0 0 3001.dat
1 6 460 -744 -890 0 0 -1 0 1 0 1 0 0 3010.dat
1 19 470 -744 -840 1 0 0 0 1 0 0 0 1 3004.dat
1 6 440 -744 -850 0 0 -1 0 1 0 1 0 0 3009.dat
1 6 420 -744 -830 0 0 -1 0 1 0 1 0 0 3009.dat
1 19 440 -744 -780 0 0 -1 0 1 0 1 0 0 3005.dat
1 19 400 -744 -810 0 0 -1 0 1 0 1 0 0 3010.dat
1 19 460 -744 -750 0 0 -1 0 1 0 1 0 0 3008.dat
1 19 410 -744 -760 1 0 0 0 1 0 0 0 1 3010.dat
1 19 380 -744 -790 0 0 -1 0 1 0 1 0 0 3004.dat
1 19 430 -744 -710 0 0 -1 0 1 0 1 0 0 3001.dat
1 19 400 -744 -710 0 0 -1 0 1 0 1 0 0 3010.dat
1 19 380 -744 -670 0 0 -1 0 1 0 1 0 0 3010.dat
1 19 430 -744 -650 1 0 0 0 1 0 0 0 1 3001.dat
1 19 400 -744 -610 0 0 -1 0 1 0 1 0 0 3004.dat
0 STEP
1 19 420 -744 -590 0 0 -1 0 1 0 1 0 0 3010.dat
1 19 440 -744 -570 0 0 -1 0 1 0 1 0 0 3009.dat
1 19 460 -744 -590 0 0 -1 0 1 0 1 0 0 3010.dat
1 19 480 -744 -550 0 0 -1 0 1 0 1 0 0 3008.dat
1 19 460 -744 -520 0 0 -1 0 1 0 1 0 0 3622.dat
1 19 500 -744 -530 0 0 -1 0 1 0 1 0 0 3009.dat
1 19 520 -744 -510 0 0 -1 0 1 0 1 0 0 3009.dat
1 19 540 -744 -510 0 0 -1 0 1 0 1 0 0 3010.dat
1 19 500 -744 -460 0 0 -1 0 1 0 1 0 0 3005.dat
1 19 560 -744 -490 0 0 -1 0 1 0 1 0 0 3009.dat
1 19 520 -744 -440 0 0 -1 0 1 0 1 0 0 3005.dat
1 19 540 -744 -440 0 0 -1 0 1 0 1 0 0 3622.dat
1 19 560 -744 -420 0 0 -1 0 1 0 1 0 0 3005.dat
0 STEP
1 19 850 -744 -590 0 0 -1 0 1 0 1 0 0 2456.dat
1 19 820 -744 -570 0 0 -1 0 1 0 1 0 0 3010.dat
1 19 880 -744 -560 0 0 -1 0 1 0 1 0 0 3005.dat
1 19 900 -744 -580 0 0 -1 0 1 0 1 0 0 3005.dat
1 19 840 -744 -510 0 0 -1 0 1 0 1 0 0 3004.dat
1 19 820 -744 -500 0 0 -1 0 1 0 1 0 0 3622.dat
1 19 800 -744 -510 0 0 -1 0 1 0 1 0 0 3008.dat
1 19 780 -744 -560 1 0 0 0 1 0 0 0 1 3005.dat
1 19 780 -744 -490 0 0 -1 0 1 0 1 0 0 3009.dat
1 19 750 -744 -490 0 0 -1 0 1 0 1 0 0 2456.dat
1 19 710 -744 -470 0 0 -1 0 1 0 1 0 0 2456.dat
1 19 760 -744 -420 0 0 -1 0 1 0 1 0 0 3005.dat
1 19 680 -744 -500 1 0 0 0 1 0 0 0 1 3005.dat
1 19 740 -744 -410 0 0 -1 0 1 0 1 0 0 3004.dat
1 19 680 -744 -450 0 0 -1 0 1 0 1 0 0 3010.dat
1 19 700 -744 -400 1 0 0 0 1 0 0 0 1 3622.dat
1 7 650 -744 -450 0 0 -1 0 1 0 1 0 0 2456.dat
1 19 620 -744 -450 0 0 -1 0 1 0 1 0 0 3009.dat
1 19 590 -744 -470 0 0 -1 0 1 0 1 0 0 2456.dat
1 19 590 -744 -400 1 0 0 0 1 0 0 0 1 3004.dat
0 STEP
1 19 660 -768 -1000 1 0 0 0 1 0 0 0 1 3622.dat
1 19 670 -768 -970 1 0 0 0 1 0 0 0 1 3001.dat
1 19 690 -768 -940 1 0 0 0 1 0 0 0 1 3009.dat
1 19 720 -768 -960 1 0 0 0 1 0 0 0 1 3005.dat
1 19 710 -768 -920 1 0 0 0 1 0 0 0 1 3010.dat
1 6 760 -768 -920 1 0 0 0 1 0 0 0 1 3005.dat
1 6 750 -768 -900 1 0 0 0 1 0 0 0 1 3009.dat
1 19 770 -768 -880 1 0 0 0 1 0 0 0 1 3009.dat
1 6 790 -768 -860 1 0 0 0 1 0 0 0 1 3009.dat
1 6 820 -768 -900 1 0 0 0 1 0 0 0 1 3005.dat
1 6 810 -768 -840 1 0 0 0 1 0 0 0 1 3009.dat
1 6 840 -768 -880 1 0 0 0 1 0 0 0 1 3005.dat
1 6 830 -768 -820 1 0 0 0 1 0 0 0 1 3010.dat
1 19 830 -768 -790 1 0 0 0 1 0 0 0 1 3001.dat
1 19 880 -768 -790 0 0 -1 0 1 0 1 0 0 3004.dat
1 19 850 -768 -750 1 0 0 0 1 0 0 0 1 3001.dat
1 19 850 -768 -710 1 0 0 0 1 0 0 0 1 3001.dat
1 19 900 -768 -700 1 0 0 0 1 0 0 0 1 3005.dat
1 19 850 -768 -670 1 0 0 0 1 0 0 0 1 2456.dat
1 19 800 -768 -640 1 0 0 0 1 0 0 0 1 3005.dat
0 STEP
1 19 590 -768 -970 0 0 -1 0 1 0 1 0 0 3001.dat
1 19 620 -768 -970 0 0 -1 0 1 0 1 0 0 3010.dat
1 19 560 -768 -950 0 0 -1 0 1 0 1 0 0 3010.dat
1 19 580 -768 -920 1 0 0 0 1 0 0 0 1 3005.dat
1 19 540 -768 -930 0 0 -1 0 1 0 1 0 0 3010.dat
1 19 560 -768 -900 1 0 0 0 1 0 0 0 1 3005.dat
1 19 540 -768 -880 1 0 0 0 1 0 0 0 1 3005.dat
1 19 520 -768 -890 0 0 -1 0 1 0 1 0 0 3009.dat
1 6 480 -768 -900 1 0 0 0 1 0 0 0 1 3622.dat
1 6 470 -768 -880 1 0 0 0 1 0 0 0 1 3010.dat
1 6 470 -768 -850 1 0 0 0 1 0 0 0 1 3001.dat
1 6 450 -768 -810 1 0 0 0 1 0 0 0 1 3001.dat
1 6 420 -768 -840 1 0 0 0 1 0 0 0 1 3005.dat
1 19 430 -768 -770 1 0 0 0 1 0 0 0 1 3001.dat
1 19 450 -768 -740 1 0 0 0 1 0 0 0 1 3010.dat
1 19 400 -768 -740 1 0 0 0 1 0 0 0 1 3005.dat
1 19 450 -768 -710 1 0 0 0 1 0 0 0 1 3001.dat
1 19 450 -768 -670 1 0 0 0 1 0 0 0 1 3001.dat
1 19 400 -768 -680 0 0 -1 0 1 0 1 0 0 3622.dat
1 19 470 -768 -640 1 0 0 0 1 0 0 0 1 3010.dat
0 STEP
1 19 850 -768 -640 1 0 0 0 1 0 0 0 1 3010.dat
1 19 830 -768 -610 1 0 0 0 1 0 0 0 1 3001.dat
1 19 880 -768 -610 0 0 -1 0 1 0 1 0 0 3004.dat
1 19 900 -768 -640 1 0 0 0 1 0 0 0 1 3005.dat
1 19 810 -768 -580 1 0 0 0 1 0 0 0 1 3008.dat
1 19 810 -768 -560 1 0 0 0 1 0 0 0 1 3009.dat
1 19 840 -768 -540 1 0 0 0 1 0 0 0 1 3005.dat
1 19 780 -768 -600 1 0 0 0 1 0 0 0 1 3005.dat
1 19 790 -768 -530 1 0 0 0 1 0 0 0 1 3001.dat
1 19 780 -768 -500 1 0 0 0 1 0 0 0 1 3622.dat
1 19 760 -768 -480 1 0 0 0 1 0 0 0 1 3622.dat
1 19 750 -768 -460 1 0 0 0 1 0 0 0 1 3004.dat
1 19 720 -768 -440 1 0 0 0 1 0 0 0 1 3622.dat
0 STEP
1 19 420 -768 -620 0 0 -1 0 1 0 1 0 0 3622.dat
1 19 470 -768 -610 1 0 0 0 1 0 0 0 1 3001.dat
1 19 440 -768 -560 1 0 0 0 1 0 0 0 1 3005.dat
1 19 490 -768 -580 1 0 0 0 1 0 0 0 1 3008.dat
1 19 470 -768 -540 1 0 0 0 1 0 0 0 1 3004.dat
1 19 520 -768 -600 1 0 0 0 1 0 0 0 1 3005.dat
1 19 530 -768 -560 1 0 0 0 1 0 0 0 1 3008.dat
1 19 550 -768 -520 1 0 0 0 1 0 0 0 1 3008.dat
1 19 570 -768 -540 1 0 0 0 1 0 0 0 1 3008.dat
1 19 550 -768 -500 1 0 0 0 1 0 0 0 1 3009.dat
1 19 570 -768 -480 1 0 0 0 1 0 0 0 1 3009.dat
1 19 570 -768 -460 1 0 0 0 1 0 0 0 1 3010.dat
1 19 620 -768 -500 1 0 0 0 1 0 0 0 1 3005.dat
1 19 620 -768 -460 1 0 0 0 1 0 0 0 1 3005.dat
1 19 610 -768 -440 1 0 0 0 1 0 0 0 1 3009.dat
1 7 650 -768 -490 0 0 -1 0 1 0 1 0 0 3001.dat
1 19 660 -768 -540 1 0 0 0 1 0 0 0 1 3005.dat
1 19 680 -768 -490 0 0 -1 0 1 0 1 0 0 3009.dat
1 19 710 -768 -510 0 0 -1 0 1 0 1 0 0 2456.dat
1 19 740 -768 -530 0 0 -1 0 1 0 1 0 0 3010.dat
0 STEP
1 0 580 -792 -1070 0 0 -1 0 1 0 1 0 0 3008.dat
1 15 600 -792 -1010 0 0 -1 0 1 0 1 0 0 3009.dat
1 15 640 -792 -1010 0 0 -1 0 1 0 1 0 0 3010.dat
1 19 620 -792 -990 0 0 -1 0 1 0 1 0 0 3010.dat
1 15 660 -792 -1010 0 0 -1 0 1 0 1 0 0 3009.dat
1 19 640 -792 -960 0 0 -1 0 1 0 1 0 0 3005.dat
1 19 600 -792 -940 0 0 -1 0 1 0 1 0 0 3005.dat
1 19 580 -792 -950 0 0 -1 0 1 0 1 0 0 3010.dat
1 19 560 -792 -950 0 0 -1 0 1 0 1 0 0 3009.dat
1 19 680 -792 -960 0 0 -1 0 1 0 1 0 0 3622.dat
1 19 700 -792 -950 0 0 -1 0 1 0 1 0 0 3009.dat
1 19 720 -792 -960 0 0 -1 0 1 0 1 0 0 3005.dat
1 0 680 -792 -1070 0 0 -1 0 1 0 1 0 0 3008.dat
1 19 720 -792 -910 0 0 -1 0 1 0 1 0 0 3010.dat
1 19 740 -792 -940 0 0 -1 0 1 0 1 0 0 3005.dat
1 19 740 -792 -890 0 0 -1 0 1 0 1 0 0 3010.dat
1 19 540 -792 -910 0 0 -1 0 1 0 1 0 0 3009.dat
1 19 520 -792 -890 0 0 -1 0 1 0 1 0 0 3009.dat
1 19 760 -792 -870 0 0 -1 0 1 0 1 0 0 3009.dat
1 19 500 -792 -900 0 0 -1 0 1 0 1 0 0 3005.dat
0 STEP
1 19 780 -792 -850 0 0 -1 0 1 0 1 0 0 3009.dat
1 19 800 -792 -860 0 0 -1 0 1 0 1 0 0 3622.dat
1 19 820 -792 -880 0 0 -1 0 1 0 1 0 0 3005.dat
1 6 840 -792 -840 0 0 -1 0 1 0 1 0 0 3005.dat
1 19 800 -792 -790 0 0 -1 0 1 0 1 0 0 3010.dat
1 19 820 -792 -790 0 0 -1 0 1 0 1 0 0 3008.dat
1 6 840 -792 -770 0 0 -1 0 1 0 1 0 0 3009.dat
1 6 860 -792 -770 0 0 -1 0 1 0 1 0 0 3010.dat
1 19 780 -792 -700 1 0 0 0 1 0 0 0 1 3005.dat
1 19 800 -792 -690 0 0 -1 0 1 0 1 0 0 3009.dat
1 19 880 -792 -660 0 0 -1 0 1 0 1 0 0 3622.dat
1 19 860 -792 -650 0 0 -1 0 1 0 1 0 0 3008.dat
1 19 830 -792 -630 0 0 -1 0 1 0 1 0 0 3007.dat
1 19 800 -792 -620 0 0 -1 0 1 0 1 0 0 3005.dat
1 19 760 -792 -620 1 0 0 0 1 0 0 0 1 3005.dat
1 19 780 -792 -610 0 0 -1 0 1 0 1 0 0 3008.dat
1 19 800 -792 -570 0 0 -1 0 1 0 1 0 0 3010.dat
1 19 750 -792 -570 0 0 -1 0 1 0 1 0 0 3001.dat
1 19 720 -792 -550 0 0 -1 0 1 0 1 0 0 3009.dat
1 19 780 -792 -520 0 0 -1 0 1 0 1 0 0 3005.dat
0 STEP
1 19 480 -792 -880 0 0 -1 0 1 0 1 0 0 3622.dat
1 19 460 -792 -870 0 0 -1 0 1 0 1 0 0 3004.dat
1 19 440 -792 -860 0 0 -1 0 1 0 1 0 0 3005.dat
1 19 500 -792 -850 0 0 -1 0 1 0 1 0 0 3010.dat
1 19 480 -792 -770 0 0 -1 0 1 0 1 0 0 3008.dat
1 6 450 -792 -770 0 0 -1 0 1 0 1 0 0 3007.dat
1 6 420 -792 -750 0 0 -1 0 1 0 1 0 0 3009.dat
1 6 400 -792 -750 0 0 -1 0 1 0 1 0 0 3004.dat
1 19 500 -792 -710 0 0 -1 0 1 0 1 0 0 3004.dat
1 19 470 -792 -680 1 0 0 0 1 0 0 0 1 3010.dat
1 19 490 -792 -650 1 0 0 0 1 0 0 0 1 3001.dat
1 19 440 -792 -630 0 0 -1 0 1 0 1 0 0 3010.dat
1 19 490 -792 -620 1 0 0 0 1 0 0 0 1 3004.dat
1 19 460 -792 -590 0 0 -1 0 1 0 1 0 0 3010.dat
1 19 490 -792 -570 0 0 -1 0 1 0 1 0 0 3001.dat
1 19 530 -792 -570 0 0 -1 0 1 0 1 0 0 2456.dat
1 19 570 -792 -550 0 0 -1 0 1 0 1 0 0 2456.dat
1 19 600 -792 -530 0 0 -1 0 1 0 1 0 0 3009.dat
1 19 540 -792 -500 0 0 -1 0 1 0 1 0 0 3005.dat
1 7 630 -792 -530 0 0 -1 0 1 0 1 0 0 2456.dat
0 STEP
1 7 670 -792 -530 0 0 -1 0 1 0 1 0 0 2456.dat
1 19 700 -792 -530 0 0 -1 0 1 0 1 0 0 3009.dat
1 19 720 -792 -480 0 0 -1 0 1 0 1 0 0 3005.dat
1 19 740 -792 -500 0 0 -1 0 1 0 1 0 0 3622.dat
1 19 760 -792 -510 0 0 -1 0 1 0 1 0 0 3004.dat
1 19 580 -792 -480 0 0 -1 0 1 0 1 0 0 3005.dat
0 STEP
1 0 630 -816 -1310 1 0 0 0 1 0 0 0 1 3007.dat
1 0 600 -816 -1220 0 0 -1 0 1 0 1 0 0 3622.dat
1 0 560 -816 -1230 0 0 -1 0 1 0 1 0 0 3004.dat
1 0 540 -816 -1250 0 0 1 0 1 0 -1 0 0 3010.dat
1 0 560 -816 -1200 1 0 0 0 1 0 0 0 1 3622.dat
1 0 590 -816 -1180 1 0 0 0 1 0 0 0 1 3009.dat
1 0 570 -816 -1150 1 0 0 0 1 0 0 0 1 3001.dat
1 0 670 -816 -1210 1 0 0 0 1 0 0 0 1 2456.dat
1 0 570 -816 -1110 1 0 0 0 1 0 0 0 1 3001.dat
1 0 690 -816 -1170 1 0 0 0 1 0 0 0 1 3001.dat
1 0 690 -816 -1140 1 0 0 0 1 0 0 0 1 3010.dat
1 0 630 -816 -1090 0 0 -1 0 1 0 1 0 0 3007.dat
1 0 680 -816 -1110 1 0 0 0 1 0 0 0 1 3002.dat
1 0 570 -816 -1070 1 0 0 0 1 0 0 0 1 3001.dat
1 0 690 -816 -1080 1 0 0 0 1 0 0 0 1 3010.dat
1 0 720 -816 -1110 0 0 -1 0 1 0 1 0 0 3004.dat
1 6 670 -816 -1040 0 0 -1 0 1 0 1 0 0 3002.dat
1 70 580 -816 -1030 1 0 0 0 1 0 0 0 1 3002.dat
1 0 720 -816 -1060 1 0 0 0 1 0 0 0 1 3005.dat
1 19 630 -816 -1000 1 0 0 0 1 0 0 0 1 3009.dat
0 STEP
1 0 720 -816 -1260 0 0 -1 0 1 0 1 0 0 3622.dat
1 70 700 -816 -1010 0 0 -1 0 1 0 1 0 0 3009.dat
1 19 670 -816 -960 1 0 0 0 1 0 0 0 1 3004.dat
1 19 720 -816 -950 0 0 -1 0 1 0 1 0 0 3009.dat
1 19 690 -816 -940 1 0 0 0 1 0 0 0 1 3004.dat
1 19 740 -816 -940 1 0 0 0 1 0 0 0 1 3005.dat
1 19 700 -816 -920 1 0 0 0 1 0 0 0 1 3005.dat
1 19 750 -816 -920 1 0 0 0 1 0 0 0 1 3004.dat
1 19 760 -816 -900 1 0 0 0 1 0 0 0 1 3622.dat
1 19 750 -816 -880 1 0 0 0 1 0 0 0 1 3010.dat
1 19 740 -816 -860 1 0 0 0 1 0 0 0 1 3005.dat
1 19 610 -816 -980 1 0 0 0 1 0 0 0 1 3008.dat
1 19 790 -816 -860 1 0 0 0 1 0 0 0 1 3010.dat
1 19 770 -816 -840 1 0 0 0 1 0 0 0 1 3010.dat
1 19 820 -816 -840 1 0 0 0 1 0 0 0 1 3005.dat
1 19 790 -816 -810 1 0 0 0 1 0 0 0 1 3001.dat
1 19 570 -816 -960 1 0 0 0 1 0 0 0 1 3010.dat
1 19 550 -816 -940 1 0 0 0 1 0 0 0 1 3010.dat
1 308 560 -816 -1000 1 0 0 0 1 0 0 0 1 3005.dat
1 19 530 -816 -920 1 0 0 0 1 0 0 0 1 3010.dat
0 STEP
1 19 520 -816 -890 1 0 0 0 1 0 0 0 1 3002.dat
1 19 510 -816 -860 1 0 0 0 1 0 0 0 1 3010.dat
1 19 490 -816 -840 1 0 0 0 1 0 0 0 1 3010.dat
1 19 460 -816 -860 1 0 0 0 1 0 0 0 1 3005.dat
1 19 470 -816 -810 1 0 0 0 1 0 0 0 1 3001.dat
1 6 470 -816 -780 1 0 0 0 1 0 0 0 1 3010.dat
1 6 460 -816 -760 1 0 0 0 1 0 0 0 1 3622.dat
1 6 450 -816 -740 1 0 0 0 1 0 0 0 1 3010.dat
1 19 480 -816 -720 1 0 0 0 1 0 0 0 1 3622.dat
1 6 430 -816 -710 1 0 0 0 1 0 0 0 1 3003.dat
1 19 490 -816 -690 1 0 0 0 1 0 0 0 1 3001.dat
1 6 440 -816 -680 1 0 0 0 1 0 0 0 1 3005.dat
1 6 460 -816 -660 1 0 0 0 1 0 0 0 1 3005.dat
1 19 510 -816 -660 1 0 0 0 1 0 0 0 1 3010.dat
1 19 510 -816 -640 1 0 0 0 1 0 0 0 1 3009.dat
1 19 530 -816 -620 1 0 0 0 1 0 0 0 1 3008.dat
1 19 490 -816 -590 1 0 0 0 1 0 0 0 1 3003.dat
1 19 590 -816 -590 1 0 0 0 1 0 0 0 1 3007.dat
1 19 540 -816 -540 1 0 0 0 1 0 0 0 1 3005.dat
1 19 590 -816 -560 1 0 0 0 1 0 0 0 1 3008.dat
0 STEP
1 6 840 -816 -800 1 0 0 0 1 0 0 0 1 3005.dat
1 6 810 -816 -770 1 0 0 0 1 0 0 0 1 3001.dat
1 6 810 -816 -740 1 0 0 0 1 0 0 0 1 3010.dat
1 6 820 -816 -720 1 0 0 0 1 0 0 0 1 3622.dat
1 19 800 -816 -700 1 0 0 0 1 0 0 0 1 3622.dat
1 19 840 -816 -680 0 0 -1 0 1 0 1 0 0 3622.dat
1 19 790 -816 -670 1 0 0 0 1 0 0 0 1 3001.dat
1 19 790 -816 -640 1 0 0 0 1 0 0 0 1 3009.dat
1 19 830 -816 -620 1 0 0 0 1 0 0 0 1 3004.dat
1 19 780 -816 -620 1 0 0 0 1 0 0 0 1 3622.dat
1 19 790 -816 -600 1 0 0 0 1 0 0 0 1 3010.dat
1 19 780 -816 -580 1 0 0 0 1 0 0 0 1 3622.dat
1 19 730 -816 -590 0 0 -1 0 1 0 1 0 0 3001.dat
1 19 770 -816 -560 1 0 0 0 1 0 0 0 1 3004.dat
1 19 700 -816 -570 0 0 -1 0 1 0 1 0 0 3009.dat
1 19 740 -816 -540 1 0 0 0 1 0 0 0 1 3622.dat
1 19 680 -816 -570 0 0 -1 0 1 0 1 0 0 3010.dat
1 19 720 -816 -520 1 0 0 0 1 0 0 0 1 3005.dat
1 7 650 -816 -500 1 0 0 0 1 0 0 0 1 3010.dat
1 19 630 -816 -520 1 0 0 0 1 0 0 0 1 3009.dat
1 19 610 -816 -540 1 0 0 0 1 0 0 0 1 3009.dat
0 STEP
1 0 630 -840 -1330 1 0 0 0 1 0 0 0 1 3007.dat
1 0 630 -840 -1300 1 0 0 0 1 0 0 0 1 6111.dat
1 0 630 -840 -1280 1 0 0 0 1 0 0 0 1 3008.dat
1 0 630 -840 -1240 0 0 -1 0 1 0 1 0 0 3002.dat
1 0 600 -840 -1240 0 0 -1 0 1 0 1 0 0 3622.dat
1 0 580 -840 -1260 0 0 -1 0 1 0 1 0 0 3005.dat
1 0 570 -840 -1240 1 0 0 0 1 0 0 0 1 3004.dat
1 0 539.999999999967 -840 -1260.000000000033 1 0 0 0 1 0 0 0 1 2357.dat
1 0 670 -840 -1240 0 0 -1 0 1 0 1 0 0 3002.dat
1 0 560 -840 -1200 0 0 -1 0 1 0 1 0 0 3622.dat
1 0 620 -840 -1180 0 0 -1 0 1 0 1 0 0 3622.dat
1 0 580 -840 -1150 0 0 -1 0 1 0 1 0 0 3008.dat
1 0 540 -840 -1170 0 0 -1 0 1 0 1 0 0 3010.dat
1 0 600 -840 -1130 0 0 -1 0 1 0 1 0 0 3008.dat
1 0 640 -840 -1130 0 0 -1 0 1 0 1 0 0 3008.dat
1 0 700 -840 -1170 0 0 -1 0 1 0 1 0 0 3008.dat
1 0 670 -840 -1130 0 0 -1 0 1 0 1 0 0 3007.dat
1 0 720.000000000033 -840 -1260.000000000033 0 0 -1 0 1 0 1 0 0 2357.dat
1 0 540 -840 -1120 0 0 -1 0 1 0 1 0 0 3005.dat
1 6 560 -840 -1090 0 0 -1 0 1 0 1 0 0 3008.dat
0 STEP
1 0 720 -840 -1110 0 0 -1 0 1 0 1 0 0 3008.dat
1 6 700 -840 -1010 0 0 -1 0 1 0 1 0 0 3008.dat
1 70 720 -840 -990 0 0 -1 0 1 0 1 0 0 3010.dat
1 15 680 -840 -990 0 0 -1 0 1 0 1 0 0 3009.dat
1 15 660 -840 -1010 0 0 -1 0 1 0 1 0 0 3010.dat
1 19 640 -840 -1020 0 0 -1 0 1 0 1 0 0 3622.dat
1 19 620 -840 -1070 0 0 -1 0 1 0 1 0 0 3008.dat
1 19 600 -840 -1010 0 0 -1 0 1 0 1 0 0 3010.dat
1 19 580 -840 -1030 0 0 -1 0 1 0 1 0 0 3010.dat
1 19 560 -840 -1000 0 0 -1 0 1 0 1 0 0 3005.dat
1 19 580 -840 -950 0 0 -1 0 1 0 1 0 0 3004.dat
1 19 550 -840 -980 1 0 0 0 1 0 0 0 1 3010.dat
1 0 540 -840 -1050 0 0 -1 0 1 0 1 0 0 3009.dat
1 19 560 -840 -940 0 0 -1 0 1 0 1 0 0 3622.dat
1 15 700 -840 -920 0 0 -1 0 1 0 1 0 0 3005.dat
1 15 720 -840 -920 0 0 -1 0 1 0 1 0 0 3622.dat
1 19 540 -840 -910 0 0 -1 0 1 0 1 0 0 3009.dat
1 19 740 -840 -910 0 0 -1 0 1 0 1 0 0 3008.dat
1 19 520 -840 -890 0 0 -1 0 1 0 1 0 0 3008.dat
1 19 500 -840 -890 0 0 -1 0 1 0 1 0 0 3010.dat
0 STEP
1 19 760 -840 -870 0 0 -1 0 1 0 1 0 0 3008.dat
1 19 780 -840 -850 0 0 -1 0 1 0 1 0 0 3009.dat
1 15 740 -840 -820 1 0 0 0 1 0 0 0 1 3005.dat
1 15 760 -840 -780 1 0 0 0 1 0 0 0 1 3005.dat
1 19 800 -840 -770 0 0 -1 0 1 0 1 0 0 3008.dat
1 15 780 -840 -750 0 0 -1 0 1 0 1 0 0 3010.dat
1 19 820 -840 -750 0 0 -1 0 1 0 1 0 0 3008.dat
1 6 840 -840 -720 0 0 -1 0 1 0 1 0 0 3622.dat
1 19 820 -840 -660 0 0 -1 0 1 0 1 0 0 3005.dat
1 19 780 -840 -650 0 0 -1 0 1 0 1 0 0 3009.dat
1 19 800 -840 -650 0 0 -1 0 1 0 1 0 0 3010.dat
1 19 760 -840 -630 0 0 -1 0 1 0 1 0 0 3009.dat
1 15 700 -840 -640 1 0 0 0 1 0 0 0 1 3005.dat
1 19 730 -840 -610 0 0 -1 0 1 0 1 0 0 2456.dat
1 19 800 -840 -600 0 0 -1 0 1 0 1 0 0 3005.dat
1 19 700 -840 -590 0 0 -1 0 1 0 1 0 0 3010.dat
1 19 680 -840 -590 0 0 -1 0 1 0 1 0 0 3009.dat
1 19 650 -840 -590 0 0 -1 0 1 0 1 0 0 3001.dat
1 19 620 -840 -590 0 0 -1 0 1 0 1 0 0 3009.dat
1 19 590 -840 -610 0 0 -1 0 1 0 1 0 0 3001.dat
0 STEP
1 19 480 -840 -850 0 0 -1 0 1 0 1 0 0 3009.dat
1 19 500 -840 -840 0 0 -1 0 1 0 1 0 0 3005.dat
1 19 460 -840 -770 0 0 -1 0 1 0 1 0 0 3008.dat
1 19 500 -840 -750 0 0 -1 0 1 0 1 0 0 3008.dat
1 19 440 -840 -730 0 0 -1 0 1 0 1 0 0 3010.dat
1 6 480 -840 -710 0 0 -1 0 1 0 1 0 0 3008.dat
1 19 440 -840 -680 0 0 -1 0 1 0 1 0 0 3005.dat
1 6 460 -840 -670 0 0 -1 0 1 0 1 0 0 3004.dat
1 19 520 -840 -650 0 0 -1 0 1 0 1 0 0 3009.dat
1 6 500 -840 -640 0 0 -1 0 1 0 1 0 0 3622.dat
1 19 550 -840 -630 0 0 -1 0 1 0 1 0 0 3001.dat
1 19 540 -840 -580 0 0 -1 0 1 0 1 0 0 3005.dat
1 19 560 -840 -570 0 0 -1 0 1 0 1 0 0 3004.dat
1 19 590 -840 -560 1 0 0 0 1 0 0 0 1 3004.dat
1 19 650 -840 -540 1 0 0 0 1 0 0 0 1 3004.dat
0 STEP
1 0 630 -864 -1350 1 0 0 0 1 0 0 0 1 3007.dat
1 0 650 -864 -1270 1 0 0 0 1 0 0 0 1 3001.dat
1 0 710 -864 -1290 0 0 1 0 1 0 -1 0 0 3001.dat
1 0 630 -864 -1230 1 0 0 0 1 0 0 0 1 3007.dat
1 0 720 -864 -1210 0 0 -1 0 1 0 1 0 0 3010.dat
1 0 610 -864 -1190 1 0 0 0 1 0 0 0 1 3007.dat
1 0 700 -864 -1170 0 0 -1 0 1 0 1 0 0 3010.dat
1 70 610 -864 -1150 1 0 0 0 1 0 0 0 1 3007.dat
1 0 540 -864 -1230 0 0 1 0 1 0 -1 0 0 3004.dat
1 0 550 -864 -1290 0 0 1 0 1 0 -1 0 0 3001.dat
1 70 610 -864 -1110 1 0 0 0 1 0 0 0 1 3007.dat
1 308 710 -864 -1110 1 0 0 0 1 0 0 0 1 3003.dat
1 308 670 -864 -1080 1 0 0 0 1 0 0 0 1 3008.dat
1 19 630 -864 -1050 1 0 0 0 1 0 0 0 1 3001.dat
1 70 710 -864 -1060 1 0 0 0 1 0 0 0 1 3010.dat
1 308 550 -864 -1070 1 0 0 0 1 0 0 0 1 3001.dat
1 19 620 -864 -1020 1 0 0 0 1 0 0 0 1 3622.dat
1 308 710 -864 -1030 1 0 0 0 1 0 0 0 1 3001.dat
1 19 550 -864 -1030 1 0 0 0 1 0 0 0 1 3001.dat
1 19 710 -864 -990 1 0 0 0 1 0 0 0 1 3001.dat
0 STEP
1 19 500 -864 -930 0 0 -1 0 1 0 1 0 0 3008.dat
1 19 540 -864 -930 1 0 0 0 1 0 0 0 1 3002.dat
1 19 530 -864 -900 1 0 0 0 1 0 0 0 1 3004.dat
1 19 540 -864 -960 1 0 0 0 1 0 0 0 1 3622.dat
1 19 520 -864 -870 0 0 -1 0 1 0 1 0 0 3004.dat
1 19 480 -864 -890 0 0 -1 0 1 0 1 0 0 3010.dat
1 19 500 -864 -840 1 0 0 0 1 0 0 0 1 3622.dat
1 19 490 -864 -820 1 0 0 0 1 0 0 0 1 3010.dat
1 19 550 -864 -990 1 0 0 0 1 0 0 0 1 3001.dat
1 19 490 -864 -790 1 0 0 0 1 0 0 0 1 3001.dat
1 19 490 -864 -750 1 0 0 0 1 0 0 0 1 3001.dat
1 19 490 -864 -710 1 0 0 0 1 0 0 0 1 3001.dat
1 19 510 -864 -680 1 0 0 0 1 0 0 0 1 3010.dat
1 19 460 -864 -680 1 0 0 0 1 0 0 0 1 3005.dat
1 19 480 -864 -660 1 0 0 0 1 0 0 0 1 3622.dat
1 19 550 -864 -660 1 0 0 0 1 0 0 0 1 3010.dat
1 6 530 -864 -640 1 0 0 0 1 0 0 0 1 3009.dat
1 6 550 -864 -620 1 0 0 0 1 0 0 0 1 3010.dat
1 19 600 -864 -630 0 0 -1 0 1 0 1 0 0 3010.dat
1 6 570 -864 -600 1 0 0 0 1 0 0 0 1 3004.dat
0 STEP
1 19 760 -864 -950 0 0 -1 0 1 0 1 0 0 3008.dat
1 19 780 -864 -920 0 0 -1 0 1 0 1 0 0 3622.dat
1 19 730 -864 -910 1 0 0 0 1 0 0 0 1 3003.dat
1 19 720 -864 -950 1 0 0 0 1 0 0 0 1 3002.dat
1 19 740 -864 -880 1 0 0 0 1 0 0 0 1 3005.dat
1 19 790 -864 -880 1 0 0 0 1 0 0 0 1 3004.dat
1 19 770 -864 -850 1 0 0 0 1 0 0 0 1 3001.dat
1 19 780 -864 -820 1 0 0 0 1 0 0 0 1 3622.dat
1 19 780 -864 -790 1 0 0 0 1 0 0 0 1 3002.dat
1 19 790 -864 -760 1 0 0 0 1 0 0 0 1 3010.dat
1 19 790 -864 -730 1 0 0 0 1 0 0 0 1 3001.dat
1 19 770 -864 -690 1 0 0 0 1 0 0 0 1 3001.dat
1 6 820 -864 -690 0 0 -1 0 1 0 1 0 0 3004.dat
1 19 720 -864 -680 1 0 0 0 1 0 0 0 1 3005.dat
1 19 750 -864 -660 1 0 0 0 1 0 0 0 1 3010.dat
1 6 800 -864 -660 1 0 0 0 1 0 0 0 1 3005.dat
1 19 700 -864 -660 1 0 0 0 1 0 0 0 1 3005.dat
1 6 770 -864 -640 1 0 0 0 1 0 0 0 1 3004.dat
1 19 720 -864 -640 1 0 0 0 1 0 0 0 1 3622.dat
1 19 670 -864 -640 1 0 0 0 1 0 0 0 1 3004.dat
0 STEP
1 19 620 -864 -620 0 0 -1 0 1 0 1 0 0 3622.dat
1 19 640 -864 -610 0 0 -1 0 1 0 1 0 0 3010.dat
1 19 600 -864 -580 1 0 0 0 1 0 0 0 1 3622.dat
1 19 680 -864 -580 1 0 0 0 1 0 0 0 1 3622.dat
1 19 690 -864 -600 1 0 0 0 1 0 0 0 1 3010.dat
1 6 710 -864 -620 1 0 0 0 1 0 0 0 1 3009.dat
1 19 740 -864 -600 1 0 0 0 1 0 0 0 1 3005.dat
0 STEP
1 5 630 -872 -1360 1 0 0 0 1 0 0 0 1 3710.dat
1 0 670 -888 -1310 0 0 -1 0 1 0 1 0 0 3001.dat
1 0 710 -888 -1290 0 0 1 0 1 0 -1 0 0 3007.dat
1 0 660 -888 -1260 0 0 -1 0 1 0 1 0 0 3005.dat
1 0 680 -888 -1250 0 0 -1 0 1 0 1 0 0 3004.dat
1 0 640 -888 -1250 0 0 -1 0 1 0 1 0 0 3010.dat
1 0 610 -888 -1250 0 0 -1 0 1 0 1 0 0 3001.dat
1 0 640 -888 -1200 0 0 -1 0 1 0 1 0 0 3005.dat
1 0 580 -888 -1250 0 0 -1 0 1 0 1 0 0 3004.dat
1 0 600 -888 -1200 0 0 -1 0 1 0 1 0 0 3005.dat
1 0 660 -888 -1170 0 0 -1 0 1 0 1 0 0 3008.dat
1 70 700 -888 -1170 0 0 -1 0 1 0 1 0 0 3010.dat
1 0 680 -888 -1150 0 0 -1 0 1 0 1 0 0 3008.dat
1 0 600 -888 -1150 0 0 -1 0 1 0 1 0 0 3010.dat
1 70 560 -888 -1190 0 0 -1 0 1 0 1 0 0 3009.dat
1 0 580 -888 -1150 0 0 -1 0 1 0 1 0 0 3008.dat
1 0 540 -888 -1210 0 0 1 0 1 0 -1 0 0 3010.dat
1 0 550 -888 -1310 0 0 1 0 1 0 -1 0 0 2456.dat
1 70 540 -888 -1090 0 0 -1 0 1 0 1 0 0 3010.dat
1 308 720 -888 -1090 0 0 -1 0 1 0 1 0 0 3004.dat
0 STEP
1 19 560 -888 -1050 0 0 -1 0 1 0 1 0 0 3008.dat
1 19 520 -888 -1080 0 0 -1 0 1 0 1 0 0 3005.dat
1 19 520 -888 -990 0 0 -1 0 1 0 1 0 0 3008.dat
1 19 500 -888 -990 0 0 -1 0 1 0 1 0 0 3009.dat
1 19 480 -888 -1000 1 0 0 0 1 0 0 0 1 3005.dat
1 19 540 -888 -970 0 0 -1 0 1 0 1 0 0 3008.dat
1 19 480 -888 -930 0 0 -1 0 1 0 1 0 0 3009.dat
1 19 500 -888 -920 0 0 -1 0 1 0 1 0 0 3005.dat
1 19 510 -888 -830 0 0 -1 0 1 0 1 0 0 3007.dat
1 19 480 -888 -810 0 0 -1 0 1 0 1 0 0 3009.dat
1 308 700 -888 -1050 0 0 -1 0 1 0 1 0 0 3008.dat
1 19 720 -888 -990 0 0 -1 0 1 0 1 0 0 3008.dat
1 19 740 -888 -950 0 0 -1 0 1 0 1 0 0 3008.dat
1 19 760 -888 -960 0 0 -1 0 1 0 1 0 0 3005.dat
1 70 740 -888 -1060 0 0 -1 0 1 0 1 0 0 3622.dat
1 19 760 -888 -1010 0 0 -1 0 1 0 1 0 0 3010.dat
1 19 780 -888 -950 0 0 -1 0 1 0 1 0 0 3009.dat
1 19 780 -888 -1020 1 0 0 0 1 0 0 0 1 3005.dat
1 19 760 -888 -870 0 0 -1 0 1 0 1 0 0 3008.dat
1 19 780 -888 -880 0 0 -1 0 1 0 1 0 0 3005.dat
0 STEP
1 19 800 -888 -870 0 0 -1 0 1 0 1 0 0 3010.dat
1 19 780 -888 -830 0 0 -1 0 1 0 1 0 0 3010.dat
1 19 800 -888 -750 0 0 -1 0 1 0 1 0 0 3008.dat
1 6 780 -888 -710 0 0 -1 0 1 0 1 0 0 3008.dat
1 6 750 -888 -710 0 0 -1 0 1 0 1 0 0 3007.dat
1 19 720 -888 -700 1 0 0 0 1 0 0 0 1 3005.dat
1 19 720 -888 -660 0 0 -1 0 1 0 1 0 0 3622.dat
1 6 700 -888 -650 0 0 -1 0 1 0 1 0 0 3010.dat
1 6 730 -888 -620 1 0 0 0 1 0 0 0 1 3004.dat
1 6 670 -888 -630 0 0 -1 0 1 0 1 0 0 3001.dat
1 6 630 -888 -630 0 0 -1 0 1 0 1 0 0 3001.dat
1 6 600 -888 -640 0 0 -1 0 1 0 1 0 0 3622.dat
1 6 570 -888 -650 0 0 -1 0 1 0 1 0 0 3001.dat
1 19 530 -888 -700 1 0 0 0 1 0 0 0 1 3010.dat
1 6 530 -888 -650 0 0 -1 0 1 0 1 0 0 3001.dat
1 19 510 -888 -730 1 0 0 0 1 0 0 0 1 3001.dat
1 19 500 -888 -660 0 0 -1 0 1 0 1 0 0 3622.dat
1 19 480 -888 -680 0 0 -1 0 1 0 1 0 0 3622.dat
0 STEP
1 0 570 -880 -1380 1 0 0 0 1 0 0 0 1 3023b.dat
1 0 690 -880 -1380 1 0 0 0 1 0 0 0 1 3023b.dat
0 STEP
1 0 580 -888 -1370 0 0 1 0 1 0 -1 0 0 3023b.dat
1 0 680 -888 -1370 0 0 1 0 1 0 -1 0 0 3023b.dat
0 STEP
1 0 630 -912 -1370 1 0 0 0 1 0 0 0 1 2456.dat
1 0 630 -912 -1310 1 0 0 0 1 0 0 0 1 3007.dat
1 0 630 -912 -1270 1 0 0 0 1 0 0 0 1 3001.dat
1 0 570 -912 -1270 1 0 0 0 1 0 0 0 1 3003.dat
1 0 560 -912 -1350 0 0 -1 0 1 0 1 0 0 3065.dat
1 0 630 -912 -1230 1 0 0 0 1 0 0 0 1 2456.dat
1 0 690 -912 -1270 1 0 0 0 1 0 0 0 1 3003.dat
1 308 560 -912 -1220 1 0 0 0 1 0 0 0 1 3005.dat
1 70 580 -912 -1200 1 0 0 0 1 0 0 0 1 3622.dat
1 70 650 -912 -1200 1 0 0 0 1 0 0 0 1 3010.dat
1 70 630 -912 -1170 1 0 0 0 1 0 0 0 1 3007.dat
1 308 700 -912 -1210 0 0 1 0 1 0 -1 0 0 3004.dat
1 70 590 -912 -1140 1 0 0 0 1 0 0 0 1 3010.dat
1 308 670 -912 -1130 1 0 0 0 1 0 0 0 1 3001.dat
1 70 580 -912 -1120 1 0 0 0 1 0 0 0 1 3622.dat
1 19 570 -912 -1100 1 0 0 0 1 0 0 0 1 3010.dat
1 70 690 -912 -1100 1 0 0 0 1 0 0 0 1 3010.dat
1 19 550 -912 -1080 1 0 0 0 1 0 0 0 1 3010.dat
1 70 710 -912 -1080 1 0 0 0 1 0 0 0 1 3010.dat
1 19 540 -912 -1060 1 0 0 0 1 0 0 0 1 3622.dat
0 STEP
1 0 700 -912 -1350 0 0 -1 0 1 0 1 0 0 3065.dat
1 70 720 -912 -1060 1 0 0 0 1 0 0 0 1 3622.dat
1 19 730 -912 -1040 1 0 0 0 1 0 0 0 1 3010.dat
1 19 760 -912 -1020 1 0 0 0 1 0 0 0 1 3622.dat
1 19 720 -912 -1010 0 0 -1 0 1 0 1 0 0 3004.dat
1 19 770 -912 -990 1 0 0 0 1 0 0 0 1 3001.dat
1 19 770 -912 -960 1 0 0 0 1 0 0 0 1 3010.dat
1 19 760 -912 -930 1 0 0 0 1 0 0 0 1 3002.dat
1 0 860 -912 -960 0 0 -1 0 1 0 1 0 0 3622.dat
1 19 770 -912 -900 1 0 0 0 1 0 0 0 1 3010.dat
1 0 870 -912 -920 1 0 0 0 1 0 0 0 1 3004.dat
1 19 780 -912 -870 1 0 0 0 1 0 0 0 1 3002.dat
1 19 780 -912 -830 1 0 0 0 1 0 0 0 1 3002.dat
1 19 770 -912 -790 1 0 0 0 1 0 0 0 1 3001.dat
1 19 760 -912 -760 1 0 0 0 1 0 0 0 1 3622.dat
1 19 750 -912 -740 1 0 0 0 1 0 0 0 1 3010.dat
1 19 780 -912 -720 1 0 0 0 1 0 0 0 1 3005.dat
1 19 730 -912 -720 1 0 0 0 1 0 0 0 1 3010.dat
1 19 730 -912 -690 1 0 0 0 1 0 0 0 1 2456.dat
1 19 540 -912 -1000 1 0 0 0 1 0 0 0 1 3005.dat
0 STEP
1 19 530 -912 -1040 1 0 0 0 1 0 0 0 1 3010.dat
1 19 510 -912 -1020 1 0 0 0 1 0 0 0 1 3010.dat
1 19 500 -912 -1000 1 0 0 0 1 0 0 0 1 3622.dat
1 19 500 -912 -970 1 0 0 0 1 0 0 0 1 3002.dat
1 19 510 -912 -940 1 0 0 0 1 0 0 0 1 3010.dat
1 19 500 -912 -910 1 0 0 0 1 0 0 0 1 3002.dat
1 0 420 -912 -960 0 0 -1 0 1 0 1 0 0 3622.dat
1 0 410 -912 -920 1 0 0 0 1 0 0 0 1 3004.dat
1 19 500 -912 -870 1 0 0 0 1 0 0 0 1 3002.dat
1 19 500 -912 -830 1 0 0 0 1 0 0 0 1 3002.dat
1 19 500 -912 -790 1 0 0 0 1 0 0 0 1 3002.dat
1 19 510 -912 -760 1 0 0 0 1 0 0 0 1 3010.dat
1 19 480 -912 -740 1 0 0 0 1 0 0 0 1 3005.dat
1 19 530 -912 -730 1 0 0 0 1 0 0 0 1 3001.dat
1 19 530 -912 -690 1 0 0 0 1 0 0 0 1 3001.dat
1 19 540 -912 -660 1 0 0 0 1 0 0 0 1 3622.dat
1 19 580 -912 -670 0 0 -1 0 1 0 1 0 0 3009.dat
1 19 600 -912 -670 0 0 -1 0 1 0 1 0 0 3010.dat
1 19 550 -912 -640 1 0 0 0 1 0 0 0 1 3004.dat
1 19 620 -912 -650 0 0 -1 0 1 0 1 0 0 3010.dat
0 STEP
1 19 650 -912 -650 0 0 -1 0 1 0 1 0 0 3001.dat
1 19 680 -912 -660 1 0 0 0 1 0 0 0 1 3005.dat
1 19 690 -912 -620 1 0 0 0 1 0 0 0 1 3004.dat
1 19 710 -912 -640 1 0 0 0 1 0 0 0 1 3010.dat
1 19 730 -912 -660 1 0 0 0 1 0 0 0 1 3010.dat
1 19 600 -912 -620 1 0 0 0 1 0 0 0 1 3005.dat
1 19 560 -912 -620 1 0 0 0 1 0 0 0 1 3005.dat
0 STEP
1 0 630 -936 -1370 1 0 0 0 1 0 0 0 1 3003.dat
1 0 580 -936 -1330 0 0 1 0 1 0 -1 0 0 3009.dat
1 0 680 -936 -1330 0 0 1 0 1 0 -1 0 0 3009.dat
1 0 620 -936 -1250 0 0 -1 0 1 0 1 0 0 3010.dat
1 0 580 -936 -1260 1 0 0 0 1 0 0 0 1 3005.dat
1 0 640 -936 -1230 0 0 -1 0 1 0 1 0 0 3009.dat
1 0 680 -936 -1250 0 0 1 0 1 0 -1 0 0 3004.dat
1 0 600 -936 -1210 0 0 -1 0 1 0 1 0 0 3008.dat
1 0 620 -936 -1200 0 0 -1 0 1 0 1 0 0 3005.dat
1 0 660 -936 -1190 0 0 -1 0 1 0 1 0 0 3008.dat
1 70 580 -936 -1190 0 0 -1 0 1 0 1 0 0 3009.dat
1 0 620 -936 -1150 0 0 -1 0 1 0 1 0 0 3010.dat
1 308 680 -936 -1150 0 0 -1 0 1 0 1 0 0 3008.dat
1 15 640 -936 -1130 0 0 -1 0 1 0 1 0 0 3010.dat
1 6 590 -936 -1120 1 0 0 0 1 0 0 0 1 3004.dat
1 308 560 -936 -1130 0 0 -1 0 1 0 1 0 0 3004.dat
1 6 590 -936 -1100 1 0 0 0 1 0 0 0 1 3010.dat
1 15 660 -936 -1100 0 0 -1 0 1 0 1 0 0 3005.dat
1 15 580 -936 -1080 0 0 -1 0 1 0 1 0 0 3005.dat
1 70 700 -936 -1090 0 0 -1 0 1 0 1 0 0 3010.dat
0 STEP
1 19 720 -936 -1070 0 0 -1 0 1 0 1 0 0 3010.dat
1 19 740 -936 -1050 0 0 -1 0 1 0 1 0 0 3010.dat
1 19 700 -936 -1040 0 0 -1 0 1 0 1 0 0 3005.dat
1 19 720 -936 -1020 0 0 -1 0 1 0 1 0 0 3005.dat
1 19 740 -936 -1000 0 0 -1 0 1 0 1 0 0 3005.dat
1 19 760 -936 -970 0 0 -1 0 1 0 1 0 0 3008.dat
1 19 740 -936 -960 0 0 -1 0 1 0 1 0 0 3005.dat
1 19 800 -936 -980 0 0 -1 0 1 0 1 0 0 3622.dat
1 19 780 -936 -950 0 0 -1 0 1 0 1 0 0 3008.dat
1 19 800 -936 -930 0 0 -1 0 1 0 1 0 0 3004.dat
1 19 740 -936 -910 0 0 -1 0 1 0 1 0 0 3010.dat
1 0 840 -936 -970 0 0 -1 0 1 0 1 0 0 3004.dat
1 0 860 -936 -960 0 0 -1 0 1 0 1 0 0 3622.dat
1 19 860 -936 -910 0 0 -1 0 1 0 1 0 0 3004.dat
1 19 800 -936 -850 0 0 -1 0 1 0 1 0 0 3010.dat
1 0 880 -936 -900 0 0 -1 0 1 0 1 0 0 3622.dat
1 0 900 -936 -870 0 0 -1 0 1 0 1 0 0 3004.dat
1 19 780 -936 -810 0 0 -1 0 1 0 1 0 0 3009.dat
1 19 760 -936 -810 0 0 -1 0 1 0 1 0 0 3008.dat
1 19 740 -936 -810 0 0 -1 0 1 0 1 0 0 3009.dat
0 STEP
1 19 540 -936 -1070 0 0 -1 0 1 0 1 0 0 3010.dat
1 19 560 -936 -1060 0 0 -1 0 1 0 1 0 0 3622.dat
1 19 520 -936 -1030 0 0 -1 0 1 0 1 0 0 3009.dat
1 19 540 -936 -1020 0 0 -1 0 1 0 1 0 0 3005.dat
1 19 500 -936 -990 0 0 -1 0 1 0 1 0 0 3009.dat
1 19 480 -936 -1010 0 0 -1 0 1 0 1 0 0 3004.dat
1 19 480 -936 -970 0 0 1 0 1 0 -1 0 0 3004.dat
1 0 440 -936 -970 0 0 -1 0 1 0 1 0 0 3004.dat
1 19 479.999999999967 -936 -919.999999999967 0 0 1 0 1 0 -1 0 0 2357.dat
1 0 420 -936 -960 0 0 -1 0 1 0 1 0 0 3622.dat
1 19 420 -936 -910 0 0 -1 0 1 0 1 0 0 3004.dat
1 0 400 -936 -900 0 0 -1 0 1 0 1 0 0 3622.dat
1 19 480 -936 -850 0 0 -1 0 1 0 1 0 0 3009.dat
1 19 510 -936 -850 0 0 -1 0 1 0 1 0 0 2456.dat
1 0 380 -936 -870 0 0 1 0 1 0 -1 0 0 3004.dat
1 19 510 -936 -780 1 0 0 0 1 0 0 0 1 3010.dat
1 19 480 -936 -760 0 0 -1 0 1 0 1 0 0 3005.dat
1 19 530 -936 -760 1 0 0 0 1 0 0 0 1 3004.dat
1 19 500 -936 -740 0 0 -1 0 1 0 1 0 0 3622.dat
1 19 550 -936 -740 1 0 0 0 1 0 0 0 1 3010.dat
0 STEP
1 19 800 -936 -800 0 0 -1 0 1 0 1 0 0 3005.dat
1 19 780 -936 -740 0 0 -1 0 1 0 1 0 0 3005.dat
1 19 720 -936 -760 1 0 0 0 1 0 0 0 1 3005.dat
1 19 720 -936 -740 1 0 0 0 1 0 0 0 1 3622.dat
1 19 710 -936 -720 1 0 0 0 1 0 0 0 1 3009.dat
1 19 760 -936 -690 0 0 -1 0 1 0 1 0 0 3004.dat
1 19 730 -936 -680 0 0 -1 0 1 0 1 0 0 3002.dat
1 19 690 -936 -670 0 0 -1 0 1 0 1 0 0 3001.dat
1 19 650 -936 -670 0 0 -1 0 1 0 1 0 0 3001.dat
1 19 610 -936 -670 0 0 -1 0 1 0 1 0 0 3001.dat
1 19 580 -936 -670 0 0 -1 0 1 0 1 0 0 3010.dat
1 19 570 -936 -720 1 0 0 0 1 0 0 0 1 3009.dat
1 19 550 -936 -680 0 0 -1 0 1 0 1 0 0 3002.dat
1 19 520 -936 -690 0 0 -1 0 1 0 1 0 0 3004.dat
0 STEP
1 0 600 -944 -1290 0 0 -1 0 1 0 1 0 0 4477.dat
1 0 580 -944 -1270 0 0 -1 0 1 0 1 0 0 4477.dat
1 0 630 -960 -1290 0 0 1 0 1 0 -1 0 0 3006.dat
1 0 660 -944 -1290 0 0 -1 0 1 0 1 0 0 4477.dat
1 0 680 -944 -1270 0 0 -1 0 1 0 1 0 0 4477.dat
1 308 630 -960 -1170 1 0 0 0 1 0 0 0 1 3001.dat
1 70 630 -960 -1140 1 0 0 0 1 0 0 0 1 3009.dat
1 19 630 -960 -1120 1 0 0 0 1 0 0 0 1 3008.dat
1 19 610 -960 -1100 1 0 0 0 1 0 0 0 1 3008.dat
1 19 710 -960 -1100 1 0 0 0 1 0 0 0 1 3004.dat
1 6 690 -960 -1080 1 0 0 0 1 0 0 0 1 3010.dat
1 84 570 -960 -1080 1 0 0 0 1 0 0 0 1 3010.dat
1 19 740 -960 -1080 1 0 0 0 1 0 0 0 1 3005.dat
1 19 730 -960 -1050 1 0 0 0 1 0 0 0 1 3001.dat
1 19 520 -960 -1080 1 0 0 0 1 0 0 0 1 3005.dat
1 19 530 -960 -1050 1 0 0 0 1 0 0 0 1 3001.dat
1 19 750 -960 -1020 1 0 0 0 1 0 0 0 1 3010.dat
1 19 510 -960 -1020 1 0 0 0 1 0 0 0 1 3010.dat
1 19 500 -960 -1000 1 0 0 0 1 0 0 0 1 3622.dat
1 19 770 -960 -1000 1 0 0 0 1 0 0 0 1 3010.dat
0 STEP
1 19 780 -960 -970 1 0 0 0 1 0 0 0 1 3002.dat
1 19 780 -960 -930 1 0 0 0 1 0 0 0 1 3002.dat
1 19 770 -960 -900 1 0 0 0 1 0 0 0 1 3010.dat
1 19 770 -960 -870 1 0 0 0 1 0 0 0 1 3001.dat
1 19 760 -960 -840 1 0 0 0 1 0 0 0 1 3622.dat
1 0 860 -960 -900 1 0 0 0 1 0 0 0 1 3622.dat
1 0 850 -960 -950 0 0 -1 0 1 0 1 0 0 3001.dat
1 70 870 -960 -880 1 0 0 0 1 0 0 0 1 3010.dat
1 0 900 -960 -860 1 0 0 0 1 0 0 0 1 3005.dat
1 19 760 -960 -810 1 0 0 0 1 0 0 0 1 3002.dat
1 19 750 -960 -780 1 0 0 0 1 0 0 0 1 3010.dat
1 19 780 -960 -760 1 0 0 0 1 0 0 0 1 3005.dat
1 19 740 -960 -760 1 0 0 0 1 0 0 0 1 3622.dat
1 19 740 -960 -730 1 0 0 0 1 0 0 0 1 3002.dat
1 19 700 -960 -730 0 0 -1 0 1 0 1 0 0 3010.dat
1 19 730 -960 -700 1 0 0 0 1 0 0 0 1 3004.dat
1 19 710 -960 -680 1 0 0 0 1 0 0 0 1 3004.dat
1 19 700 -960 -660 1 0 0 0 1 0 0 0 1 3005.dat
0 STEP
1 0 430 -960 -950 0 0 -1 0 1 0 1 0 0 3001.dat
1 70 420 -960 -900 1 0 0 0 1 0 0 0 1 3622.dat
1 0 410 -960 -880 1 0 0 0 1 0 0 0 1 3010.dat
1 0 380 -960 -860 1 0 0 0 1 0 0 0 1 3005.dat
1 19 500 -960 -890 1 0 0 0 1 0 0 0 1 3002.dat
1 19 500 -960 -930 1 0 0 0 1 0 0 0 1 3002.dat
1 19 500 -960 -850 1 0 0 0 1 0 0 0 1 3002.dat
1 19 500 -960 -970 1 0 0 0 1 0 0 0 1 3002.dat
1 19 510 -960 -810 1 0 0 0 1 0 0 0 1 3001.dat
1 19 530 -960 -780 1 0 0 0 1 0 0 0 1 3010.dat
1 19 500 -960 -760 1 0 0 0 1 0 0 0 1 3005.dat
1 19 550 -960 -760 1 0 0 0 1 0 0 0 1 3010.dat
1 19 550 -960 -740 1 0 0 0 1 0 0 0 1 3009.dat
1 19 540 -960 -720 1 0 0 0 1 0 0 0 1 3622.dat
1 19 610 -960 -720 1 0 0 0 1 0 0 0 1 3010.dat
1 19 590 -960 -700 1 0 0 0 1 0 0 0 1 3009.dat
1 19 610 -960 -680 1 0 0 0 1 0 0 0 1 3009.dat
1 19 660 -960 -710 0 0 -1 0 1 0 1 0 0 3004.dat
1 19 630 -960 -660 1 0 0 0 1 0 0 0 1 3009.dat
1 19 680 -960 -710 0 0 -1 0 1 0 1 0 0 3010.dat
0 STEP
1 0 600 -952 -1290 0 0 -1 0 1 0 1 0 0 3460.dat
0 STEP
1 0 660 -956 -1300 0 0 -1 0 1 0 1 0 0 3460.dat
0 STEP
1 0 630 -968 -1310 1 0 0 0 1 0 0 0 1 3022.dat
1 308 630 -968 -1190 1 0 0 0 1 0 0 0 1 3022.dat
1 70 630 -984 -1160 1 0 0 0 1 0 0 0 1 3010.dat
1 19 610 -984 -1110 0 0 -1 0 1 0 1 0 0 3001.dat
1 19 650 -984 -1110 0 0 -1 0 1 0 1 0 0 3001.dat
1 19 690 -984 -1090 0 0 -1 0 1 0 1 0 0 3001.dat
1 19 570 -984 -1090 0 0 -1 0 1 0 1 0 0 3001.dat
1 19 540 -984 -1100 0 0 -1 0 1 0 1 0 0 3005.dat
1 19 720 -984 -1100 0 0 -1 0 1 0 1 0 0 3005.dat
1 19 540 -984 -1050 0 0 -1 0 1 0 1 0 0 3010.dat
1 19 720 -984 -1050 0 0 -1 0 1 0 1 0 0 3010.dat
1 19 740 -984 -1030 0 0 -1 0 1 0 1 0 0 3009.dat
1 19 760 -984 -1030 0 0 -1 0 1 0 1 0 0 3010.dat
1 19 520 -984 -1010 0 0 -1 0 1 0 1 0 0 3008.dat
1 19 500 -984 -1010 0 0 -1 0 1 0 1 0 0 3009.dat
1 19 780 -984 -1010 0 0 -1 0 1 0 1 0 0 3004.dat
1 19 800 -984 -1000 0 0 -1 0 1 0 1 0 0 3005.dat
1 19 790 -984 -980 1 0 0 0 1 0 0 0 1 3010.dat
1 19 780 -984 -960 1 0 0 0 1 0 0 0 1 3622.dat
1 19 790 -984 -930 1 0 0 0 1 0 0 0 1 3001.dat
0 STEP
1 19 480 -984 -990 0 0 -1 0 1 0 1 0 0 3010.dat
1 19 460 -984 -960 0 0 -1 0 1 0 1 0 0 3005.dat
1 19 440 -984 -970 0 0 -1 0 1 0 1 0 0 3004.dat
1 19 470 -984 -940 1 0 0 0 1 0 0 0 1 3010.dat
1 19 420 -984 -980 0 0 -1 0 1 0 1 0 0 3005.dat
1 19 420 -984 -930 0 0 -1 0 1 0 1 0 0 3010.dat
1 19 470 -984 -910 1 0 0 0 1 0 0 0 1 3001.dat
1 19 400 -984 -920 0 0 -1 0 1 0 1 0 0 3622.dat
1 19 430 -984 -880 1 0 0 0 1 0 0 0 1 3008.dat
1 19 480 -984 -840 0 0 -1 0 1 0 1 0 0 3622.dat
1 19 500 -984 -810 0 0 -1 0 1 0 1 0 0 3009.dat
1 19 520 -984 -810 0 0 -1 0 1 0 1 0 0 3008.dat
1 19 540 -984 -810 0 0 -1 0 1 0 1 0 0 3010.dat
1 19 560 -984 -780 0 0 -1 0 1 0 1 0 0 3005.dat
1 19 540 -984 -740 0 0 -1 0 1 0 1 0 0 3622.dat
1 19 570 -984 -730 0 0 -1 0 1 0 1 0 0 3001.dat
1 19 600 -984 -730 0 0 -1 0 1 0 1 0 0 3010.dat
1 19 630 -984 -710 0 0 -1 0 1 0 1 0 0 3001.dat
1 19 600 -984 -680 0 0 -1 0 1 0 1 0 0 3005.dat
1 19 660 -984 -710 0 0 -1 0 1 0 1 0 0 3010.dat
0 STEP
1 19 840 -984 -930 0 0 -1 0 1 0 1 0 0 3009.dat
1 19 860 -984 -910 0 0 -1 0 1 0 1 0 0 3010.dat
1 19 860 -984 -960 0 0 -1 0 1 0 1 0 0 3005.dat
1 19 880 -984 -880 0 0 -1 0 1 0 1 0 0 3622.dat
1 19 900 -984 -860 0 0 -1 0 1 0 1 0 0 3622.dat
1 19 790 -984 -890 1 0 0 0 1 0 0 0 1 3001.dat
1 19 780 -984 -860 1 0 0 0 1 0 0 0 1 3622.dat
1 19 780 -984 -810 0 0 -1 0 1 0 1 0 0 3010.dat
1 19 760 -984 -790 0 0 -1 0 1 0 1 0 0 3009.dat
1 19 740 -984 -790 0 0 -1 0 1 0 1 0 0 3008.dat
1 19 720 -984 -750 0 0 -1 0 1 0 1 0 0 3009.dat
1 19 700 -984 -750 0 0 -1 0 1 0 1 0 0 3010.dat
1 19 680 -984 -730 0 0 -1 0 1 0 1 0 0 3010.dat
1 19 700 -984 -700 0 0 -1 0 1 0 1 0 0 3005.dat
0 STEP
1 19 630 -1008 -1140 1 0 0 0 1 0 0 0 1 3010.dat
1 19 630 -1008 -1120 1 0 0 0 1 0 0 0 1 3009.dat
1 0 650 -1008 -1100 1 0 0 0 1 0 0 0 1 3008.dat
1 19 670 -1008 -1080 1 0 0 0 1 0 0 0 1 3008.dat
1 0 700 -1008 -1120 1 0 0 0 1 0 0 0 1 3005.dat
1 0 720 -1008 -1120 -1 0 0 0 1 0 0 0 -1 4070.dat
1 19 710 -1008 -1060 1 0 0 0 1 0 0 0 1 3009.dat
1 19 740 -1008 -1040 1 0 0 0 1 0 0 0 1 3622.dat
1 19 750 -1008 -1020 1 0 0 0 1 0 0 0 1 3010.dat
1 19 760 -1008 -1000 1 0 0 0 1 0 0 0 1 3622.dat
1 19 790 -1008 -980 1 0 0 0 1 0 0 0 1 3009.dat
1 0 560 -1008 -1120 1 0 0 0 1 0 0 0 1 3005.dat
1 19 550 -1008 -1080 1 0 0 0 1 0 0 0 1 3010.dat
1 19 550 -1008 -1060 1 0 0 0 1 0 0 0 1 3009.dat
1 0 550 -1008 -1100 1 0 0 0 1 0 0 0 1 3004.dat
1 0 540 -1008 -1120 -1 0 0 0 1 0 0 0 -1 4070.dat
1 19 520 -1008 -1040 1 0 0 0 1 0 0 0 1 3622.dat
1 19 510 -1008 -1020 1 0 0 0 1 0 0 0 1 3010.dat
1 19 500 -1008 -990 1 0 0 0 1 0 0 0 1 3002.dat
1 19 470 -1008 -960 1 0 0 0 1 0 0 0 1 3009.dat
0 STEP
1 70 540 -998 -1130 1 0 0 0 0 1 0 -1 0 43898.dat
1 70 720 -998 -1130 1 0 0 0 0 1 0 -1 0 43898.dat
0 STEP
1 6 810 -1008 -950 1 0 0 0 1 0 0 0 1 2456.dat
1 19 790 -1008 -920 1 0 0 0 1 0 0 0 1 3010.dat
1 19 800 -1008 -900 1 0 0 0 1 0 0 0 1 3622.dat
1 19 790 -1008 -870 1 0 0 0 1 0 0 0 1 3001.dat
1 6 850 -1008 -890 0 0 -1 0 1 0 1 0 0 3001.dat
1 19 760 -1008 -840 1 0 0 0 1 0 0 0 1 3622.dat
1 19 740 -1008 -860 1 0 0 0 1 0 0 0 1 3005.dat
1 19 750 -1008 -820 1 0 0 0 1 0 0 0 1 3010.dat
1 19 780 -1008 -800 1 0 0 0 1 0 0 0 1 3005.dat
1 19 730 -1008 -800 1 0 0 0 1 0 0 0 1 3010.dat
1 19 760 -1008 -780 1 0 0 0 1 0 0 0 1 3005.dat
1 19 730 -1008 -760 1 0 0 0 1 0 0 0 1 3010.dat
1 6 890 -1008 -850 0 0 -1 0 1 0 1 0 0 3001.dat
0 STEP
1 19 430 -1008 -980 1 0 0 0 1 0 0 0 1 3004.dat
1 19 480 -1008 -930 1 0 0 0 1 0 0 0 1 3002.dat
1 15 480 -1008 -900 1 0 0 0 1 0 0 0 1 3622.dat
1 6 430 -1008 -890 0 0 -1 0 1 0 1 0 0 2456.dat
1 6 400 -1008 -890 0 0 -1 0 1 0 1 0 0 3009.dat
1 6 490 -1008 -870 1 0 0 0 1 0 0 0 1 3001.dat
1 19 510 -1008 -840 1 0 0 0 1 0 0 0 1 3010.dat
1 6 380 -1008 -850 0 0 -1 0 1 0 1 0 0 3010.dat
1 19 520 -1008 -820 1 0 0 0 1 0 0 0 1 3622.dat
1 6 360 -1008 -840 0 0 -1 0 1 0 1 0 0 3622.dat
1 19 530 -1008 -800 1 0 0 0 1 0 0 0 1 3010.dat
1 19 550 -1008 -780 1 0 0 0 1 0 0 0 1 3009.dat
1 19 560 -1008 -740 1 0 0 0 1 0 0 0 1 3622.dat
1 19 590 -1008 -760 1 0 0 0 1 0 0 0 1 3008.dat
1 19 560 -1008 -720 1 0 0 0 1 0 0 0 1 3005.dat
1 19 630 -1008 -700 1 0 0 0 1 0 0 0 1 3009.dat
1 19 650 -1008 -720 1 0 0 0 1 0 0 0 1 3008.dat
1 19 670 -1008 -740 1 0 0 0 1 0 0 0 1 3008.dat
1 19 680 -1008 -760 1 0 0 0 1 0 0 0 1 3005.dat
1 19 710 -1008 -780 1 0 0 0 1 0 0 0 1 3010.dat
0 STEP
1 70 669.999999999957 -1008 -590.000000000043 0 0 -1 0 1 0 1 0 0 35044.dat
1 70 590.000000000043 -1008 -590.000000000043 -1 0 0 0 1 0 0 0 -1 35044.dat
0 STEP
1 0 550 -1032 -1120 1 0 0 0 1 0 0 0 1 3004.dat
1 19 580 -1032 -1090 0 0 -1 0 1 0 1 0 0 3010.dat
1 0 550 -1032 -1070 0 0 -1 0 1 0 1 0 0 3001.dat
1 19 610 -1032 -1090 0 0 -1 0 1 0 1 0 0 3001.dat
1 19 650 -1032 -1090 0 0 -1 0 1 0 1 0 0 3001.dat
1 15 540 -1032 -1020 0 0 -1 0 1 0 1 0 0 3005.dat
1 19 520 -1032 -1030 0 0 -1 0 1 0 1 0 0 3008.dat
1 19 500 -1032 -1010 0 0 -1 0 1 0 1 0 0 3009.dat
1 19 680 -1032 -1080 0 0 -1 0 1 0 1 0 0 3622.dat
1 19 680 -1032 -1120 1 0 0 0 1 0 0 0 1 3005.dat
1 0 710 -1032 -1070 0 0 -1 0 1 0 1 0 0 3001.dat
1 0 710 -1032 -1120 1 0 0 0 1 0 0 0 1 3004.dat
1 15 720 -1032 -1020 0 0 -1 0 1 0 1 0 0 3005.dat
1 19 740 -1032 -1060 0 0 -1 0 1 0 1 0 0 3622.dat
1 15 740 -1032 -990 0 0 -1 0 1 0 1 0 0 3010.dat
1 19 760 -1032 -1010 0 0 -1 0 1 0 1 0 0 3009.dat
1 15 760 -1032 -940 0 0 -1 0 1 0 1 0 0 3005.dat
1 19 780 -1032 -950 0 0 -1 0 1 0 1 0 0 3008.dat
1 19 800 -1032 -940 0 0 -1 0 1 0 1 0 0 3622.dat
1 15 500 -1032 -940 0 0 -1 0 1 0 1 0 0 3005.dat
0 STEP
1 19 480 -1032 -950 0 0 -1 0 1 0 1 0 0 3008.dat
1 19 460 -1032 -940 0 0 -1 0 1 0 1 0 0 3622.dat
1 19 440 -1032 -910 0 0 -1 0 1 0 1 0 0 3008.dat
1 6 420 -1032 -910 0 0 -1 0 1 0 1 0 0 3009.dat
1 6 400 -1032 -900 0 0 -1 0 1 0 1 0 0 3005.dat
1 6 460 -1032 -870 0 0 -1 0 1 0 1 0 0 3010.dat
1 6 480 -1032 -850 0 0 -1 0 1 0 1 0 0 3004.dat
1 6 420 -1032 -840 0 0 -1 0 1 0 1 0 0 3005.dat
1 6 500 -1032 -850 0 0 -1 0 1 0 1 0 0 3009.dat
1 6 410 -1032 -810 1 0 0 0 1 0 0 0 1 3001.dat
1 6 370 -1032 -850 1 0 0 0 1 0 0 0 1 3003.dat
1 6 460 -1032 -800 1 0 0 0 1 0 0 0 1 3005.dat
1 6 530 -1032 -830 0 0 -1 0 1 0 1 0 0 3001.dat
1 6 510 -1032 -780 1 0 0 0 1 0 0 0 1 3009.dat
1 6 460 -1032 -760 1 0 0 0 1 0 0 0 1 3005.dat
1 15 560 -1032 -810 0 0 -1 0 1 0 1 0 0 3004.dat
1 6 530 -1032 -760 1 0 0 0 1 0 0 0 1 3009.dat
1 15 580 -1032 -800 1 0 0 0 1 0 0 0 1 3005.dat
1 6 530 -1032 -740 1 0 0 0 1 0 0 0 1 3008.dat
1 15 600 -1032 -780 1 0 0 0 1 0 0 0 1 3622.dat
0 STEP
1 19 820 -1032 -910 0 0 -1 0 1 0 1 0 0 3008.dat
1 6 860 -1032 -890 0 0 -1 0 1 0 1 0 0 3009.dat
1 6 840 -1032 -850 0 0 -1 0 1 0 1 0 0 3008.dat
1 6 880 -1032 -860 0 0 -1 0 1 0 1 0 0 3622.dat
1 19 800 -1032 -850 0 0 -1 0 1 0 1 0 0 3009.dat
1 84 780 -1032 -860 0 0 -1 0 1 0 1 0 0 3005.dat
1 15 760 -1032 -870 0 0 -1 0 1 0 1 0 0 3004.dat
1 484 780 -1032 -820 0 0 -1 0 1 0 1 0 0 3005.dat
1 84 750 -1032 -840 1 0 0 0 1 0 0 0 1 3010.dat
1 15 740 -1032 -860 0 0 -1 0 1 0 1 0 0 3005.dat
1 6 880.000000000033 -1032 -799.999999999967 -1 0 0 0 1 0 0 0 -1 2357.dat
1 15 720 -1032 -820 1 0 0 0 1 0 0 0 1 3622.dat
1 6 760 -1032 -770 0 0 -1 0 1 0 1 0 0 3009.dat
1 6 790 -1032 -750 0 0 -1 0 1 0 1 0 0 3001.dat
1 15 700 -1032 -800 1 0 0 0 1 0 0 0 1 3622.dat
1 6 740 -1032 -750 0 0 -1 0 1 0 1 0 0 3009.dat
1 6 710 -1032 -730 0 0 -1 0 1 0 1 0 0 2456.dat
1 15 660 -1032 -780 1 0 0 0 1 0 0 0 1 3622.dat
1 6 770 -1032 -690 1 0 0 0 1 0 0 0 1 3003.dat
1 6 740 -1032 -680 1 0 0 0 1 0 0 0 1 3005.dat
0 STEP
1 6 840 -1032 -960 0 0 -1 0 1 0 1 0 0 3622.dat
1 6 670 -1032 -710 0 0 -1 0 1 0 1 0 0 2456.dat
1 6 620 -1032 -750 0 0 -1 0 1 0 1 0 0 3004.dat
1 6 640 -1032 -710 0 0 -1 0 1 0 1 0 0 3009.dat
1 15 600 -1032 -760 0 0 -1 0 1 0 1 0 0 3005.dat
1 6 620 -1032 -680 0 0 -1 0 1 0 1 0 0 3622.dat
1 6 580 -1032 -700 1 0 0 0 1 0 0 0 1 3622.dat
1 6 550 -1032 -720 1 0 0 0 1 0 0 0 1 3008.dat
1 6 570 -1032 -670 1 0 0 0 1 0 0 0 1 3001.dat
1 6 630 -1032 -630 1 0 0 0 1 0 0 0 1 3007.dat
1 6 730 -1032 -660 1 0 0 0 1 0 0 0 1 3010.dat
1 6 510 -1032 -700 1 0 0 0 1 0 0 0 1 3010.dat
1 6 500 -1032 -670 1 0 0 0 1 0 0 0 1 3002.dat
0 STEP
1 19 560 -1056 -1090 0 0 -1 0 1 0 1 0 0 3010.dat
1 19 540 -1056 -1100 1 0 0 0 1 0 0 0 1 3005.dat
1 19 530 -1056 -1070 1 0 0 0 1 0 0 0 1 3003.dat
1 84 550 -1056 -1040 1 0 0 0 1 0 0 0 1 3010.dat
1 92 530 -1056 -1020 1 0 0 0 1 0 0 0 1 3010.dat
1 19 500 -1056 -1040 1 0 0 0 1 0 0 0 1 3005.dat
1 19 510 -1056 -1000 1 0 0 0 1 0 0 0 1 3010.dat
1 19 480 -1056 -1020 1 0 0 0 1 0 0 0 1 3005.dat
1 19 490 -1056 -980 1 0 0 0 1 0 0 0 1 3010.dat
1 19 580 -1056 -1120 1 0 0 0 1 0 0 0 1 3005.dat
1 6 440 -1056 -980 1 0 0 0 1 0 0 0 1 3005.dat
1 6 470 -1056 -950 1 0 0 0 1 0 0 0 1 2456.dat
1 6 650 -1056 -1070 1 0 0 0 1 0 0 0 1 3007.dat
1 19 650 -1056 -1100 1 0 0 0 1 0 0 0 1 3008.dat
1 19 650 -1056 -1120 1 0 0 0 1 0 0 0 1 3009.dat
1 6 450 -1056 -910 1 0 0 0 1 0 0 0 1 3001.dat
1 15 490 -1056 -880 1 0 0 0 1 0 0 0 1 3010.dat
1 6 710 -1056 -1040 1 0 0 0 1 0 0 0 1 3010.dat
1 6 470 -1056 -860 1 0 0 0 1 0 0 0 1 3008.dat
1 6 420 -1056 -880 1 0 0 0 1 0 0 0 1 3622.dat
0 STEP
1 19 740 -1056 -1070 0 0 -1 0 1 0 1 0 0 3004.dat
1 19 760 -1056 -1040 1 0 0 0 1 0 0 0 1 3005.dat
1 6 730 -1056 -1020 1 0 0 0 1 0 0 0 1 3010.dat
1 19 780 -1056 -1020 1 0 0 0 1 0 0 0 1 3005.dat
1 6 750 -1056 -1000 1 0 0 0 1 0 0 0 1 3010.dat
1 19 770 -1056 -980 1 0 0 0 1 0 0 0 1 3010.dat
1 6 820 -1056 -980 1 0 0 0 1 0 0 0 1 3005.dat
1 6 790 -1056 -950 1 0 0 0 1 0 0 0 1 2456.dat
1 6 810 -1056 -910 1 0 0 0 1 0 0 0 1 3001.dat
1 6 810 -1056 -880 1 0 0 0 1 0 0 0 1 3009.dat
1 6 860 -1056 -900 1 0 0 0 1 0 0 0 1 3005.dat
1 6 810 -1056 -860 1 0 0 0 1 0 0 0 1 3008.dat
1 6 790 -1056 -840 1 0 0 0 1 0 0 0 1 3008.dat
1 6 880 -1056 -840 1 0 0 0 1 0 0 0 1 3005.dat
1 6 750 -1056 -810 1 0 0 0 1 0 0 0 1 2456.dat
1 6 840 -1056 -810 1 0 0 0 1 0 0 0 1 3002.dat
1 6 819.999999999967 -1056 -780.000000000033 1 0 0 0 1 0 0 0 1 2357.dat
1 6 780 -1056 -770 1 0 0 0 1 0 0 0 1 3002.dat
1 15 680 -1056 -800 1 0 0 0 1 0 0 0 1 3005.dat
1 19 710 -1056 -770 1 0 0 0 1 0 0 0 1 3001.dat
0 STEP
1 6 470 -1056 -830 1 0 0 0 1 0 0 0 1 3006.dat
1 6 470 -1056 -790 1 0 0 0 1 0 0 0 1 3001.dat
1 6 470 -1056 -760 1 0 0 0 1 0 0 0 1 3010.dat
1 6 490 -1056 -740 1 0 0 0 1 0 0 0 1 3010.dat
1 6 410 -1056 -790 1 0 0 0 1 0 0 0 1 3003.dat
1 6 500 -1056 -710 1 0 0 0 1 0 0 0 1 3002.dat
1 92 550 -1056 -760 1 0 0 0 1 0 0 0 1 3010.dat
1 19 540 -1056 -720 0 0 -1 0 1 0 1 0 0 3622.dat
1 19 560 -1056 -800 1 0 0 0 1 0 0 0 1 3622.dat
1 15 580 -1056 -780 1 0 0 0 1 0 0 0 1 3005.dat
1 19 570 -1056 -710 0 0 -1 0 1 0 1 0 0 3001.dat
1 6 520 -1056 -680 1 0 0 0 1 0 0 0 1 3622.dat
1 92 600 -1056 -770 0 0 -1 0 1 0 1 0 0 3010.dat
1 6 540 -1056 -660 1 0 0 0 1 0 0 0 1 3622.dat
1 6 630 -1056 -760 0 0 -1 0 1 0 1 0 0 3002.dat
1 6 560 -1056 -640 1 0 0 0 1 0 0 0 1 3622.dat
1 6 600 -1056 -660 1 0 0 0 1 0 0 0 1 3622.dat
1 84 620 -1056 -680 1 0 0 0 1 0 0 0 1 3622.dat
1 19 650 -1056 -710 1 0 0 0 1 0 0 0 1 2456.dat
1 6 620 -1056 -640 1 0 0 0 1 0 0 0 1 3622.dat
0 STEP
1 28 660 -1056 -770 0 0 -1 0 1 0 1 0 0 3010.dat
1 84 700 -1056 -740 1 0 0 0 1 0 0 0 1 3622.dat
1 6 700 -1056 -680 1 0 0 0 1 0 0 0 1 3005.dat
1 6 750 -1056 -710 1 0 0 0 1 0 0 0 1 3001.dat
1 6 740 -1056 -680 1 0 0 0 1 0 0 0 1 3622.dat
1 6 760 -1056 -740 1 0 0 0 1 0 0 0 1 3622.dat
1 6 720 -1056 -660 1 0 0 0 1 0 0 0 1 3622.dat
1 6 670 -1056 -660 0 0 -1 0 1 0 1 0 0 3002.dat
1 6 640 -1056 -660 1 0 0 0 1 0 0 0 1 3005.dat
0 STEP
1 6 560 -1080 -1170 0 0 -1 0 1 0 1 0 0 3004.dat
1 6 660 -1080 -1080 0 0 -1 0 1 0 1 0 0 3622.dat
1 6 680 -1080 -1070 0 0 -1 0 1 0 1 0 0 3010.dat
1 6 700 -1080 -1050 0 0 -1 0 1 0 1 0 0 3009.dat
1 6 730 -1080 -1110 0 0 -1 0 1 0 1 0 0 3007.dat
1 6 760 -1080 -1090 0 0 -1 0 1 0 1 0 0 3008.dat
1 6 740 -1080 -1020 0 0 -1 0 1 0 1 0 0 3005.dat
1 6 780 -1080 -1070 0 0 -1 0 1 0 1 0 0 3008.dat
1 6 720 -1080 -990 0 0 -1 0 1 0 1 0 0 3010.dat
1 6 760 -1080 -1000 0 0 -1 0 1 0 1 0 0 3005.dat
1 6 800 -1080 -1080 1 0 0 0 1 0 0 0 1 3005.dat
1 6 740 -1080 -970 0 0 -1 0 1 0 1 0 0 3010.dat
1 6 800 -1080 -990 0 0 -1 0 1 0 1 0 0 3008.dat
1 6 780 -1080 -950 0 0 -1 0 1 0 1 0 0 3010.dat
1 6 820 -1080 -980 0 0 -1 0 1 0 1 0 0 3005.dat
1 6 760 -1080 -910 0 0 -1 0 1 0 1 0 0 3008.dat
1 6 820 -1080 -910 0 0 -1 0 1 0 1 0 0 3009.dat
1 6 740 -1080 -860 0 0 -1 0 1 0 1 0 0 3005.dat
1 6 800 -1080 -850 0 0 -1 0 1 0 1 0 0 3009.dat
1 6 780 -1080 -830 0 0 -1 0 1 0 1 0 0 3008.dat
0 STEP
1 6 530 -1080 -1110 0 0 -1 0 1 0 1 0 0 3007.dat
1 6 490 -1080 -1090 0 0 -1 0 1 0 1 0 0 3007.dat
1 6 560 -1080 -1050 0 0 -1 0 1 0 1 0 0 3009.dat
1 6 590 -1080 -1070 0 0 -1 0 1 0 1 0 0 3001.dat
1 6 530 -1080 -1010 0 0 -1 0 1 0 1 0 0 3003.dat
1 6 490 -1080 -1000 1 0 0 0 1 0 0 0 1 3004.dat
1 6 450 -1080 -1050 0 0 -1 0 1 0 1 0 0 3007.dat
1 6 510 -1080 -970 1 0 0 0 1 0 0 0 1 3001.dat
1 6 460 -1080 -960 0 0 -1 0 1 0 1 0 0 3005.dat
1 6 510 -1080 -940 1 0 0 0 1 0 0 0 1 3004.dat
1 6 480 -1080 -930 0 0 -1 0 1 0 1 0 0 3004.dat
1 6 630 -1080 -1080 0 0 -1 0 1 0 1 0 0 3002.dat
1 6 520 -1080 -870 0 0 -1 0 1 0 1 0 0 3004.dat
1 6 500 -1080 -870 0 0 -1 0 1 0 1 0 0 3009.dat
1 6 440 -1080 -890 0 0 -1 0 1 0 1 0 0 3008.dat
1 6 460 -1080 -870 0 0 -1 0 1 0 1 0 0 3008.dat
1 6 540 -1080 -860 0 0 -1 0 1 0 1 0 0 3005.dat
1 6 420 -1080 -870 0 0 1 0 1 0 -1 0 0 3009.dat
1 6 560 -1080 -840 0 0 -1 0 1 0 1 0 0 3005.dat
1 6 480 -1080 -830 0 0 -1 0 1 0 1 0 0 3008.dat
0 STEP
1 6 530 -1080 -770 0 0 -1 0 1 0 1 0 0 3007.dat
1 6 500 -1080 -770 0 0 -1 0 1 0 1 0 0 3010.dat
1 6 560 -1080 -750 0 0 -1 0 1 0 1 0 0 3008.dat
1 6 580 -1080 -800 0 0 -1 0 1 0 1 0 0 3005.dat
1 6 590 -1080 -730 0 0 -1 0 1 0 1 0 0 2456.dat
1 6 630 -1080 -730 0 0 -1 0 1 0 1 0 0 2456.dat
1 6 670 -1080 -730 0 0 -1 0 1 0 1 0 0 2456.dat
1 6 680 -1080 -800 0 0 -1 0 1 0 1 0 0 3005.dat
1 6 700 -1080 -750 0 0 -1 0 1 0 1 0 0 3009.dat
1 6 700 -1080 -820 0 0 -1 0 1 0 1 0 0 3005.dat
1 6 730 -1080 -770 0 0 -1 0 1 0 1 0 0 3007.dat
1 6 760 -1080 -770 0 0 -1 0 1 0 1 0 0 3010.dat
1 6 760 -1080 -820 0 0 -1 0 1 0 1 0 0 3005.dat
1 6 820 -1080 -820 0 0 -1 0 1 0 1 0 0 3005.dat
1 6 840.000000000033 -1080 -839.999999999967 -1 0 0 0 1 0 0 0 -1 2357.dat
0 STEP
1 70 669.999999999957 -1080 -1229.999999999957 1 0 0 0 1 0 0 0 1 35044.dat
1 70 590.000000000043 -1080 -1229.999999999957 0 0 1 0 1 0 -1 0 0 35044.dat
0 STEP
1 6 580 -1104 -1130 0 0 -1 0 1 0 1 0 0 3008.dat
1 6 600 -1104 -1110 0 0 -1 0 1 0 1 0 0 3008.dat
1 6 620 -1104 -1130 0 0 -1 0 1 0 1 0 0 3008.dat
1 6 640 -1104 -1130 0 0 -1 0 1 0 1 0 0 3008.dat
1 6 660 -1104 -1090 0 0 -1 0 1 0 1 0 0 3009.dat
1 6 680 -1104 -1090 0 0 -1 0 1 0 1 0 0 3010.dat
1 6 630 -1104 -1040 1 0 0 0 1 0 0 0 1 3004.dat
1 6 700 -1104 -1080 0 0 -1 0 1 0 1 0 0 3622.dat
1 6 680 -1104 -1040 1 0 0 0 1 0 0 0 1 3005.dat
1 6 730 -1104 -1120 1 0 0 0 1 0 0 0 1 3010.dat
1 6 710 -1104 -1160 1 0 0 0 1 0 0 0 1 3009.dat
1 6 730 -1104 -1140 1 0 0 0 1 0 0 0 1 3009.dat
1 6 670 -1104 -1190 1 0 0 0 1 0 0 0 1 3003.dat
1 6 699.999999999967 -1088 -1179.999999999967 0 0 1 0 1 0 -1 0 0 2420.dat
1 6 750 -1104 -1090 1 0 0 0 1 0 0 0 1 3001.dat
1 6 750 -1104 -1060 1 0 0 0 1 0 0 0 1 3010.dat
1 6 710 -1104 -1020 1 0 0 0 1 0 0 0 1 3010.dat
1 6 750 -1104 -1040 1 0 0 0 1 0 0 0 1 3009.dat
1 6 780 -1104 -1120 1 0 0 0 1 0 0 0 1 3005.dat
1 6 750 -1104 -1000 1 0 0 0 1 0 0 0 1 3009.dat
0 STEP
1 6 600 -1104 -1200 1 0 0 0 1 0 0 0 1 3005.dat
1 6 560.000000000033 -1088 -1179.999999999967 -1 0 0 0 1 0 0 0 -1 2420.dat
1 6 550 -1104 -1160 1 0 0 0 1 0 0 0 1 3004.dat
1 6 530 -1104 -1130 1 0 0 0 1 0 0 0 1 3001.dat
1 6 530 -1104 -1100 1 0 0 0 1 0 0 0 1 3010.dat
1 6 480 -1104 -1120 0 0 -1 0 1 0 1 0 0 3622.dat
1 6 510 -1104 -1070 1 0 0 0 1 0 0 0 1 2456.dat
1 6 530 -1104 -1040 1 0 0 0 1 0 0 0 1 3009.dat
1 6 550 -1104 -1020 1 0 0 0 1 0 0 0 1 3010.dat
1 6 460 -1104 -1040 1 0 0 0 1 0 0 0 1 3005.dat
1 6 480 -1104 -1020 1 0 0 0 1 0 0 0 1 3622.dat
1 6 510 -1104 -1000 1 0 0 0 1 0 0 0 1 3009.dat
1 6 490 -1104 -970 1 0 0 0 1 0 0 0 1 2456.dat
1 6 490 -1104 -940 1 0 0 0 1 0 0 0 1 3010.dat
1 6 440 -1104 -940 1 0 0 0 1 0 0 0 1 3005.dat
1 6 470 -1104 -920 1 0 0 0 1 0 0 0 1 3010.dat
1 6 470 -1104 -890 1 0 0 0 1 0 0 0 1 2456.dat
1 6 490 -1104 -850 1 0 0 0 1 0 0 0 1 2456.dat
1 6 490 -1104 -820 1 0 0 0 1 0 0 0 1 3009.dat
1 6 720 -1104 -980 1 0 0 0 1 0 0 0 1 3005.dat
0 STEP
1 6 780 -1104 -1020 1 0 0 0 1 0 0 0 1 3622.dat
1 6 770 -1104 -980 1 0 0 0 1 0 0 0 1 3010.dat
1 6 770 -1104 -960 1 0 0 0 1 0 0 0 1 3009.dat
1 6 740 -1104 -940 1 0 0 0 1 0 0 0 1 3005.dat
1 6 790 -1104 -930 1 0 0 0 1 0 0 0 1 3001.dat
1 6 790 -1104 -890 1 0 0 0 1 0 0 0 1 3001.dat
1 6 770 -1104 -850 1 0 0 0 1 0 0 0 1 3001.dat
1 6 770 -1104 -810 1 0 0 0 1 0 0 0 1 3001.dat
1 6 720 -1104 -820 0 0 -1 0 1 0 1 0 0 3622.dat
1 6 690 -1104 -770 1 0 0 0 1 0 0 0 1 3007.dat
1 6 670 -1104 -740 1 0 0 0 1 0 0 0 1 3008.dat
1 6 630 -1104 -720 1 0 0 0 1 0 0 0 1 3008.dat
1 6 550 -1104 -770 1 0 0 0 1 0 0 0 1 2456.dat
1 6 550 -1104 -740 1 0 0 0 1 0 0 0 1 3010.dat
1 6 510 -1104 -800 1 0 0 0 1 0 0 0 1 3010.dat
1 6 480 -1104 -780 1 0 0 0 1 0 0 0 1 3005.dat
1 6 460 -1104 -800 1 0 0 0 1 0 0 0 1 3005.dat
0 STEP
1 6 580 -1128 -1110 0 0 -1 0 1 0 1 0 0 3008.dat
1 6 560 -1128 -1090 0 0 -1 0 1 0 1 0 0 3008.dat
1 6 600 -1128 -1130 0 0 -1 0 1 0 1 0 0 3009.dat
1 6 620 -1128 -1090 0 0 -1 0 1 0 1 0 0 3010.dat
1 6 600 -1128 -1060 0 0 -1 0 1 0 1 0 0 3005.dat
1 6 640 -1128 -1130 0 0 -1 0 1 0 1 0 0 3009.dat
1 6 640 -1128 -1060 0 0 -1 0 1 0 1 0 0 3005.dat
1 6 620 -1128 -1160 0 0 -1 0 1 0 1 0 0 3622.dat
1 6 670 -1128 -1110 0 0 -1 0 1 0 1 0 0 3007.dat
1 6 530 -1128 -1070 0 0 -1 0 1 0 1 0 0 3007.dat
1 6 710 -1128 -1090 0 0 -1 0 1 0 1 0 0 3007.dat
1 6 560 -1128 -1000 0 0 -1 0 1 0 1 0 0 3005.dat
1 6 500 -1128 -1030 0 0 -1 0 1 0 1 0 0 3009.dat
1 6 540 -1128 -980 0 0 -1 0 1 0 1 0 0 3005.dat
1 6 700 -1128 -1000 0 0 -1 0 1 0 1 0 0 3005.dat
1 6 740 -1128 -1070 0 0 -1 0 1 0 1 0 0 3008.dat
1 6 720 -1128 -990 0 0 -1 0 1 0 1 0 0 3004.dat
1 6 520 -1128 -960 0 0 -1 0 1 0 1 0 0 3622.dat
1 6 760 -1128 -1010 0 0 -1 0 1 0 1 0 0 3008.dat
1 6 740 -1128 -960 0 0 -1 0 1 0 1 0 0 3622.dat
0 STEP
1 6 780 -1128 -970 0 0 -1 0 1 0 1 0 0 3008.dat
1 6 800 -1128 -910 0 0 -1 0 1 0 1 0 0 3008.dat
1 6 780 -1128 -850 0 0 -1 0 1 0 1 0 0 3010.dat
1 6 760 -1128 -850 0 0 -1 0 1 0 1 0 0 3008.dat
1 6 800 -1128 -820 0 0 -1 0 1 0 1 0 0 3005.dat
1 6 780 -1128 -800 0 0 -1 0 1 0 1 0 0 3005.dat
1 6 740 -1128 -810 0 0 -1 0 1 0 1 0 0 3010.dat
1 6 740 -1128 -760 0 0 -1 0 1 0 1 0 0 3005.dat
0 STEP
1 6 480 -1128 -970 0 0 -1 0 1 0 1 0 0 3008.dat
1 6 460 -1128 -930 0 0 -1 0 1 0 1 0 0 3008.dat
1 6 440 -1128 -930 0 0 -1 0 1 0 1 0 0 3009.dat
1 6 500 -1128 -890 0 0 -1 0 1 0 1 0 0 3008.dat
1 6 440 -1128 -860 0 0 -1 0 1 0 1 0 0 3005.dat
1 6 480 -1128 -850 0 0 -1 0 1 0 1 0 0 3010.dat
1 6 460 -1128 -830 0 0 -1 0 1 0 1 0 0 3004.dat
1 6 480 -1128 -800 0 0 -1 0 1 0 1 0 0 3005.dat
1 6 520 -1128 -810 0 0 -1 0 1 0 1 0 0 3010.dat
1 6 500 -1128 -790 0 0 -1 0 1 0 1 0 0 3004.dat
1 6 540 -1128 -790 0 0 -1 0 1 0 1 0 0 3010.dat
1 6 520 -1128 -760 0 0 -1 0 1 0 1 0 0 3005.dat
1 6 540 -1128 -740 0 0 -1 0 1 0 1 0 0 3005.dat
1 6 570 -1128 -760 0 0 -1 0 1 0 1 0 0 3002.dat
1 6 610 -1128 -760 0 0 -1 0 1 0 1 0 0 3002.dat
1 6 650 -1128 -760 0 0 -1 0 1 0 1 0 0 3002.dat
1 6 630 -1128 -720 1 0 0 0 1 0 0 0 1 3010.dat
1 6 690 -1128 -760 0 0 -1 0 1 0 1 0 0 3002.dat
1 6 720 -1128 -790 0 0 -1 0 1 0 1 0 0 3010.dat
1 6 720 -1128 -740 0 0 -1 0 1 0 1 0 0 3005.dat
0 STEP
1 6 630 -1152 -1110 1 0 0 0 1 0 0 0 1 2456.dat
1 6 590 -1152 -1080 1 0 0 0 1 0 0 0 1 3008.dat
1 6 570 -1152 -1060 1 0 0 0 1 0 0 0 1 3008.dat
1 6 580 -1152 -1040 1 0 0 0 1 0 0 0 1 3005.dat
1 6 650 -1152 -1040 1 0 0 0 1 0 0 0 1 3009.dat
1 6 530 -1152 -1040 1 0 0 0 1 0 0 0 1 3010.dat
1 6 560 -1152 -1000 1 0 0 0 1 0 0 0 1 3005.dat
1 6 530 -1152 -1020 1 0 0 0 1 0 0 0 1 3009.dat
1 6 510 -1152 -990 1 0 0 0 1 0 0 0 1 3001.dat
1 6 690 -1152 -1060 1 0 0 0 1 0 0 0 1 3010.dat
1 6 710 -1152 -1020 1 0 0 0 1 0 0 0 1 3010.dat
1 6 710 -1152 -1080 1 0 0 0 1 0 0 0 1 3010.dat
1 6 730 -1152 -1000 1 0 0 0 1 0 0 0 1 3010.dat
1 6 740 -1152 -1040 1 0 0 0 1 0 0 0 1 3622.dat
1 6 740 -1152 -1060 1 0 0 0 1 0 0 0 1 3005.dat
1 6 760 -1152 -1020 1 0 0 0 1 0 0 0 1 3005.dat
1 6 750 -1152 -980 1 0 0 0 1 0 0 0 1 3010.dat
1 6 780 -1152 -1000 1 0 0 0 1 0 0 0 1 3005.dat
1 6 770 -1152 -950 1 0 0 0 1 0 0 0 1 3001.dat
1 6 780 -1152 -920 1 0 0 0 1 0 0 0 1 3622.dat
0 STEP
1 6 490 -1152 -950 1 0 0 0 1 0 0 0 1 3001.dat
1 6 480 -1152 -910 1 0 0 0 1 0 0 0 1 3002.dat
1 6 480 -1152 -870 1 0 0 0 1 0 0 0 1 3002.dat
1 6 490 -1152 -830 1 0 0 0 1 0 0 0 1 3001.dat
1 6 540 -1152 -820 1 0 0 0 1 0 0 0 1 3005.dat
1 6 530 -1152 -800 1 0 0 0 1 0 0 0 1 3010.dat
1 6 570 -1152 -780 1 0 0 0 1 0 0 0 1 3008.dat
1 6 590 -1152 -760 1 0 0 0 1 0 0 0 1 3008.dat
1 6 630 -1152 -740 1 0 0 0 1 0 0 0 1 3008.dat
1 6 710 -1152 -780 1 0 0 0 1 0 0 0 1 3009.dat
1 6 710 -1152 -760 1 0 0 0 1 0 0 0 1 3010.dat
1 6 730 -1152 -800 1 0 0 0 1 0 0 0 1 3010.dat
1 6 750 -1152 -820 1 0 0 0 1 0 0 0 1 3010.dat
1 6 770 -1152 -850 1 0 0 0 1 0 0 0 1 3001.dat
1 6 780 -1152 -890 1 0 0 0 1 0 0 0 1 3002.dat
0 STEP
1 6 570 -1176 -1050 0 0 -1 0 1 0 1 0 0 3001.dat
1 6 540 -1176 -1040 0 0 -1 0 1 0 1 0 0 3622.dat
1 6 520 -1176 -1030 0 0 -1 0 1 0 1 0 0 3004.dat
1 6 570 -1176 -1000 1 0 0 0 1 0 0 0 1 3009.dat
1 6 530 -1176 -980 1 0 0 0 1 0 0 0 1 3010.dat
1 6 500 -1176 -1010 0 0 -1 0 1 0 1 0 0 3004.dat
1 6 510 -1176 -960 1 0 0 0 1 0 0 0 1 3009.dat
1 6 480 -1176 -980 0 0 -1 0 1 0 1 0 0 3005.dat
1 6 510 -1176 -940 1 0 0 0 1 0 0 0 1 3010.dat
1 6 490 -1176 -920 1 0 0 0 1 0 0 0 1 3010.dat
1 6 460 -1176 -940 0 0 -1 0 1 0 1 0 0 3005.dat
1 6 490 -1176 -890 1 0 0 0 1 0 0 0 1 3001.dat
1 6 510 -1176 -860 1 0 0 0 1 0 0 0 1 3010.dat
1 6 460 -1176 -860 0 0 -1 0 1 0 1 0 0 3005.dat
1 6 510 -1176 -840 1 0 0 0 1 0 0 0 1 3009.dat
1 6 480 -1176 -820 0 0 -1 0 1 0 1 0 0 3005.dat
1 6 500 -1176 -810 0 0 -1 0 1 0 1 0 0 3004.dat
1 6 520 -1176 -800 0 0 -1 0 1 0 1 0 0 3622.dat
1 6 550 -1176 -790 0 0 -1 0 1 0 1 0 0 3001.dat
1 6 580 -1176 -790 0 0 -1 0 1 0 1 0 0 3009.dat
0 STEP
1 6 610 -1176 -1050 0 0 -1 0 1 0 1 0 0 3001.dat
1 6 650 -1176 -1050 0 0 -1 0 1 0 1 0 0 3001.dat
1 6 690 -1176 -1050 0 0 -1 0 1 0 1 0 0 3001.dat
1 6 690 -1176 -1000 1 0 0 0 1 0 0 0 1 3009.dat
1 6 720 -1176 -1040 0 0 -1 0 1 0 1 0 0 3622.dat
1 6 740 -1176 -1030 0 0 -1 0 1 0 1 0 0 3004.dat
1 6 760 -1176 -1010 0 0 -1 0 1 0 1 0 0 3004.dat
1 6 730 -1176 -970 1 0 0 0 1 0 0 0 1 3001.dat
1 6 780 -1176 -970 0 0 -1 0 1 0 1 0 0 3004.dat
1 6 750 -1176 -930 1 0 0 0 1 0 0 0 1 3001.dat
1 6 800 -1176 -930 0 0 -1 0 1 0 1 0 0 3004.dat
1 6 770 -1176 -890 1 0 0 0 1 0 0 0 1 3001.dat
1 6 750 -1176 -860 1 0 0 0 1 0 0 0 1 3010.dat
1 6 730 -1176 -840 1 0 0 0 1 0 0 0 1 3010.dat
1 6 780 -1176 -830 0 0 -1 0 1 0 1 0 0 3004.dat
1 6 760 -1176 -810 0 0 -1 0 1 0 1 0 0 3004.dat
1 6 740 -1176 -800 0 0 -1 0 1 0 1 0 0 3622.dat
1 6 710 -1176 -790 0 0 -1 0 1 0 1 0 0 3001.dat
1 6 680 -1176 -790 0 0 -1 0 1 0 1 0 0 3009.dat
1 6 650 -1176 -790 0 0 -1 0 1 0 1 0 0 3001.dat
1 6 610 -1176 -790 0 0 -1 0 1 0 1 0 0 3001.dat
1 6 630 -1176 -740 1 0 0 0 1 0 0 0 1 3010.dat
0 STEP
1 6 630 -1200 -1060 1 0 0 0 1 0 0 0 1 3009.dat
1 6 650 -1200 -1040 1 0 0 0 1 0 0 0 1 3008.dat
1 6 670 -1200 -1010 1 0 0 0 1 0 0 0 1 3007.dat
1 6 670 -1200 -960 1 0 0 0 1 0 0 0 1 3008.dat
1 6 710 -1200 -980 1 0 0 0 1 0 0 0 1 3010.dat
1 6 590 -1200 -980 1 0 0 0 1 0 0 0 1 3008.dat
1 6 550 -1200 -1010 1 0 0 0 1 0 0 0 1 3001.dat
1 6 550 -1200 -1040 1 0 0 0 1 0 0 0 1 3004.dat
1 6 550 -1200 -940 1 0 0 0 1 0 0 0 1 3009.dat
1 6 530 -1200 -960 1 0 0 0 1 0 0 0 1 3009.dat
1 6 500 -1200 -980 1 0 0 0 1 0 0 0 1 3005.dat
1 6 530 -1200 -910 1 0 0 0 1 0 0 0 1 2456.dat
1 6 480 -1200 -940 1 0 0 0 1 0 0 0 1 3005.dat
1 6 530 -1200 -870 1 0 0 0 1 0 0 0 1 2456.dat
1 6 600 -1200 -830 0 0 -1 0 1 0 1 0 0 3008.dat
1 6 620 -1200 -830 0 0 -1 0 1 0 1 0 0 3009.dat
1 6 530 -1200 -830 1 0 0 0 1 0 0 0 1 2456.dat
1 6 650 -1200 -830 0 0 -1 0 1 0 1 0 0 2456.dat
1 6 730 -1200 -930 1 0 0 0 1 0 0 0 1 2456.dat
1 6 680 -1200 -830 0 0 -1 0 1 0 1 0 0 3010.dat
0 STEP
1 6 760 -1200 -980 1 0 0 0 1 0 0 0 1 3005.dat
1 6 770 -1200 -960 1 0 0 0 1 0 0 0 1 3004.dat
1 6 730 -1200 -890 1 0 0 0 1 0 0 0 1 2456.dat
1 6 730 -1200 -860 1 0 0 0 1 0 0 0 1 3010.dat
1 6 780 -1200 -860 1 0 0 0 1 0 0 0 1 3005.dat
1 6 750 -1200 -830 1 0 0 0 1 0 0 0 1 3001.dat
1 6 700 -1200 -830 0 0 -1 0 1 0 1 0 0 3004.dat
1 6 720 -1200 -800 1 0 0 0 1 0 0 0 1 3622.dat
1 6 710 -1200 -780 1 0 0 0 1 0 0 0 1 3010.dat
1 6 670 -1200 -760 1 0 0 0 1 0 0 0 1 3010.dat
1 6 620 -1200 -760 1 0 0 0 1 0 0 0 1 3005.dat
1 6 570 -1200 -760 1 0 0 0 1 0 0 0 1 3004.dat
1 6 560 -1200 -780 1 0 0 0 1 0 0 0 1 3622.dat
1 6 550 -1200 -800 1 0 0 0 1 0 0 0 1 3010.dat
0 STEP
1 6 580 -1224 -970 0 0 -1 0 1 0 1 0 0 3008.dat
1 6 600 -1224 -950 0 0 -1 0 1 0 1 0 0 3010.dat
1 6 560 -1224 -950 0 0 -1 0 1 0 1 0 0 3008.dat
1 6 540 -1224 -930 0 0 -1 0 1 0 1 0 0 3008.dat
1 6 630 -1224 -970 0 0 -1 0 1 0 1 0 0 2456.dat
1 6 600 -1224 -1020 0 0 -1 0 1 0 1 0 0 3622.dat
1 6 670 -1224 -970 0 0 -1 0 1 0 1 0 0 3007.dat
1 6 630 -1224 -1040 1 0 0 0 1 0 0 0 1 3004.dat
1 6 520 -1224 -910 0 0 -1 0 1 0 1 0 0 3008.dat
1 6 630 -1224 -870 0 0 -1 0 1 0 1 0 0 3001.dat
1 6 600 -1224 -850 0 0 -1 0 1 0 1 0 0 3009.dat
1 6 500 -1224 -890 0 0 -1 0 1 0 1 0 0 3009.dat
1 6 580 -1224 -830 0 0 -1 0 1 0 1 0 0 3009.dat
1 6 560 -1224 -830 0 0 -1 0 1 0 1 0 0 3010.dat
1 6 540 -1224 -820 0 0 -1 0 1 0 1 0 0 3622.dat
1 6 510 -1224 -820 1 0 0 0 1 0 0 0 1 3004.dat
1 6 670 -1224 -830 0 0 -1 0 1 0 1 0 0 2456.dat
1 6 630 -1224 -800 0 0 -1 0 1 0 1 0 0 3002.dat
1 6 600 -1224 -780 0 0 -1 0 1 0 1 0 0 3005.dat
1 6 560 -1224 -780 0 0 -1 0 1 0 1 0 0 3005.dat
0 STEP
1 6 710 -1224 -950 0 0 -1 0 1 0 1 0 0 3007.dat
1 6 740 -1224 -910 0 0 -1 0 1 0 1 0 0 3008.dat
1 6 760 -1224 -890 0 0 -1 0 1 0 1 0 0 3009.dat
1 6 710 -1224 -830 0 0 -1 0 1 0 1 0 0 3001.dat
1 6 750 -1224 -820 1 0 0 0 1 0 0 0 1 3004.dat
1 6 700 -1224 -780 0 0 -1 0 1 0 1 0 0 3005.dat
0 STEP
1 6 630 -1248 -1000 1 0 0 0 1 0 0 0 1 3009.dat
1 6 630 -1248 -980 1 0 0 0 1 0 0 0 1 3008.dat
1 6 610 -1248 -950 1 0 0 0 1 0 0 0 1 3007.dat
1 6 590 -1248 -920 1 0 0 0 1 0 0 0 1 3008.dat
1 6 590 -1248 -890 1 0 0 0 1 0 0 0 1 3007.dat
1 6 590 -1248 -850 1 0 0 0 1 0 0 0 1 3007.dat
1 6 710 -1248 -920 1 0 0 0 1 0 0 0 1 3010.dat
1 6 710 -1248 -950 1 0 0 0 1 0 0 0 1 3003.dat
1 6 710 -1248 -890 1 0 0 0 1 0 0 0 1 3001.dat
1 6 710 -1248 -850 1 0 0 0 1 0 0 0 1 3001.dat
1 6 630 -1248 -820 1 0 0 0 1 0 0 0 1 3010.dat
1 6 680 -1248 -820 1 0 0 0 1 0 0 0 1 3005.dat
0 STEP
1 6 610 -1272 -960 1 0 0 0 1 0 0 0 1 3004.dat
1 6 610 -1272 -910 0 0 -1 0 1 0 1 0 0 3001.dat
1 6 570 -1272 -910 0 0 1 0 1 0 -1 0 0 3001.dat
1 6 640 -1272 -890 0 0 -1 0 1 0 1 0 0 3008.dat
1 6 660 -1272 -910 0 0 -1 0 1 0 1 0 0 3009.dat
1 6 600 -1272 -860 0 0 -1 0 1 0 1 0 0 3005.dat
1 6 620 -1272 -850 0 0 -1 0 1 0 1 0 0 3004.dat
1 6 680 -1272 -890 0 0 -1 0 1 0 1 0 0 3010.dat
1 6 680 -1272 -940 0 0 -1 0 1 0 1 0 0 3005.dat
1 6 700 -1272 -910 0 0 -1 0 1 0 1 0 0 3010.dat
0 STEP
